초급,가게,에 가다,명사
초급,가격03,이 비싸다,명사
초급,가구04,책상,명사
초급,가깝다,거리가,형용사
초급,가끔,가끔 보다,부사
초급,가늘다,손가락이,형용사
초급,가다01,학교에,동사
초급,가득01,가득 담다,부사
초급,가르치다01,한국어를,동사
초급,가리키다01,손가락으로,동사
초급,가방01,을 메다,명사
초급,가볍다,짐이,형용사
초급,가수11,직업,명사
초급,가슴01,신체,명사
초급,가요02,를 부르다,명사
초급,가운데,가운데 자리,명사
초급,가위01,로 자르다,명사
초급,가을01,계절,명사
초급,가장01,가장 빠르다,부사
초급,가져가다,집에,동사
초급,가져오다,학교로,동사
초급,가족01,식구,명사
초급,가지04,몇,의존명사
초급,가지다,돈을,동사
초급,각각01,각각 다르다,부사/명사
초급,간단하다02,간단한 설명,형용사
초급,간단히,간단히 끝내다,부사
초급,간식02,을 먹다,명사
초급,간장01,을 넣다,명사
초급,간호사,로 일하다,명사
초급,갈비01,를 먹다,명사
초급,갈비탕,을 먹다,명사
초급,갈색,색깔,명사
초급,갈아입다,옷을,동사
초급,갈아타다,기차를,동사
초급,감01,과일,명사
초급,감기04,에 걸리다,명사
초급,감기약,을 먹다,명사
초급,감다01,눈을,동사
초급,감다02,머리를,동사
초급,감사08,감사 인사,명사
초급,감자01,채소,명사
초급,갑자기,갑자기 나타나다,부사
초급,값,을 깎다,명사
초급,강01,을 건너다,명사
초급,강아지,를 키우다,명사
초급,강하다02,힘이,형용사
초급,갖다01,돈을,동사
초급,같다,서로 같다,형용사
초급,같이,같이 살다,부사
초급,갚다,돈을,동사
초급,개03,동물,명사
초급,개10,한 개,의존명사
초급,개월,삼 개월,의존명사
초급,거01,것,의존명사
초급,거기01,거기에 있다,대명사
초급,거리01,로 나가다,명사
초급,거리08,가 가깝다,명사
초급,거실02,집,명사
초급,거울01,을 보다,명사
초급,거의01,거의 없다,부사/명사
초급,거절01,을 하다,명사
초급,거짓말,을 하다,명사
초급,걱정,이 되다,명사
초급,건강03,이 나빠지다,명사
초급,건너가다,길을,동사
초급,건너다,길을,동사
초급,건너편,으로 가다,명사
초급,건물03,을 짓다,명사
초급,걷다02,길을,동사
초급,걸다02,그림을,동사
초급,걸리다01,그림이,동사
초급,걸어가다,학교에,동사
초급,걸어오다01,집에,동사
초급,걸음,이 느리다,명사
초급,검사03,숙제 검사,명사
초급,검은색,색깔,명사
초급,검정01,색깔,명사
초급,것01,먹을 것,의존명사
초급,겉01,안과 겉,명사
초급,게으르다,사람이,형용사
초급,게임,컴퓨터 게임,명사
초급,겨울,계절,명사
초급,결과02,가 나오다,명사
초급,결석01,을 하다,명사
초급,결심01,을 하다,명사
초급,결정01,을 내리다,명사
초급,결혼,을 하다,명사
초급,결혼식,을 올리다,명사
초급,경기11,를 보다,명사
초급,경찰04,경찰 조사(기관),명사
초급,경찰서,에 신고하다,명사
초급,경치02,가 좋다,명사
초급,경험,을 쌓다,명사
초급,계단04,을 오르다,명사
초급,계란,을 먹다,명사
초급,계산01,이 정확하다,명사
초급,계속04,계속 달리다,부사/명사
초급,계시다,한국에,동사
초급,계절01,이 바뀌다,명사
초급,계획01,을 세우다,명사
초급,고개01,를 들다,명사
초급,고기01,를 먹다,명사
초급,고등학교,에 입학하다,명사
초급,고등학생,이 되다,명사
초급,고르다01,선물을,동사
초급,고맙다01,마음이,형용사
초급,고모01,친척,명사
초급,고민,을 나누다,명사
초급,고속버스,를 타다,명사
초급,고양이,를 기르다,명사
초급,고장11,이 나다,명사
초급,고추장,을 넣다,명사
초급,고치다01,컴퓨터를,동사
초급,고프다,배가,형용사
초급,고향02,에 가다,명사
초급,곧01,곧 가다,부사
초급,곳01,어느 곳,명사
초급,공01,을 굴리다,명사
초급,공무원,으로 일하다,명사
초급,공부01,를 하다,명사
초급,공원03,에서 놀다,명사
초급,공장02,에서 일하다,명사
초급,공짜,로 주다,명사
초급,공책01,에 쓰다,명사
초급,공항02,공항 터미널,명사
초급,공휴일,로 정하다,명사
초급,과거03,를 잊다,명사
초급,과일01,을 깎다,명사
초급,과자02,를 먹다,명사
초급,관계05,를 맺다,명사
초급,관광02,국내 관광,명사
초급,관광객,외국인 관광객,명사
초급,관광지,국내 관광지,명사
초급,관심01,을 가지다,명사
초급,광고02,신문 광고,명사
초급,광주01,지명,명사
초급,괜찮다,성격이,형용사
초급,괴로워하다,통증으로,동사
초급,교과서,에서 배우다,명사
초급,교사09,수학 교사,명사
초급,교수06,대학 교수,명사
초급,교실,에 들어가다,명사
초급,교육,을 받다,명사
초급,교통01,교통 수단,명사
초급,교통비,가 들다,명사
초급,교통사고,가 나다,명사
초급,교환01,을 하다,명사
초급,교회02,기독교,명사
초급,구01,숫자,수사/관형사
초급,구경01,을 다니다,명사
초급,구두01,를 신다,명사
초급,구름01,이 끼다,명사
초급,구십,구십 살,수사/관형사
초급,구월02,달(월),명사
초급,국01,을 끓이다,명사
초급,국내02,국내 여행,명사
초급,국수01,를 먹다,명사
초급,국적02,대한민국 국적,명사
초급,국제02,국제 관계,명사
초급,군인,직업 군인,명사
초급,굳다,땅이,동사/형용사
초급,굵다,손가락이,형용사
초급,굽다01,고기를,동사
초급,궁금하다01,소식이,형용사
초급,권01,책 한 권,의존명사
초급,귀01,로 듣다,명사
초급,귀걸이,를  달다,명사
초급,귀여워하다,강아지를,동사
초급,귀엽다,얼굴이,형용사
초급,귀찮다,일이,형용사
초급,규칙02,을 어기다,명사
초급,귤,을 까다,명사
초급,그01,그 사람,관형사/대명사
초급,그거,그것,대명사
초급,그것,−,대명사
초급,그곳,에 가다,대명사
초급,그날,그날 일,명사
초급,그냥,그냥 가다,부사
초급,그대로,그대로 두다,부사
초급,그동안,그동안 잘 지내다,명사
초급,그때,그때 그시절,명사
초급,그래01,대답,감탄사
초급,그래서,−,부사
초급,그러나,−,부사
초급,그러니까,−,부사
초급,그러면,−,부사
초급,그러므로,−,부사
초급,그런01,그런 사람,관형사
초급,그런데,−,부사
초급,그럼01,그러면,부사
초급,그럼02,"그럼, 당연하지",감탄사
초급,그렇다,사정이,형용사
초급,그렇지만,−,부사
초급,그릇01,에 담다,명사
초급,그리고,−,부사
초급,그리다02,그림을,동사
초급,그림01,을 그리다,명사
초급,그립다,가족이,형용사
초급,그만02,그만 먹다,부사
초급,그만두다,학교를,동사
초급,그분,을 만나다,대명사
초급,그저께,그저께 밤,부사/명사
초급,그쪽,으로 가다,대명사
초급,그치다,비가,동사
초급,극장,에서 상영하다,명사
초급,근처,집 근처,명사
초급,글,을 쓰다,명사
초급,글쎄01,"글쎄, 잘 몰라요",감탄사
초급,글쎄요,글쎄요. 몰라요.,감탄사
초급,글씨,를 쓰다,명사
초급,글자,를 쓰다,명사
초급,금방01,방금,부사
초급,금요일,요일,명사
초급,금지04,통행 금지,명사
초급,급하다,사정이,형용사
초급,기간07,이 지나다,명사
초급,기다리다,버스를,동사
초급,기르다,개를,동사
초급,기름01,에 튀기다,명사
초급,기말시험,을 보다,명사
초급,기분01,이 좋다,명사
초급,기뻐하다,졸업을,동사
초급,기쁘다,마음이,형용사
초급,기쁨,을 나누다,명사
초급,기숙사,에서 살다,명사
초급,기억02,이 나다,명사
초급,기억나다,이름이,동사
초급,기온,이 높다,명사
초급,기자05,신문 기자,명사
초급,기차01,를 타다,명사
초급,기차역,에 도착하다,명사
초급,기차표,를 끊다,명사
초급,기침01,이 나다,명사
초급,기타02,를 치다,명사
초급,기회03,를 놓치다,명사
초급,긴장,을 풀다,명사
초급,길01,이 막히다,명사
초급,길다02,다리가,형용사
초급,길이01,를 재다,명사
초급,김03,을 먹다,명사
초급,김밥,을 싸다,명사
초급,김치01,를 담그다,명사
초급,김치찌개,를 끓이다,명사
초급,깊다,바다가,형용사
초급,깊이02,깊이 묻다,부사
초급,까만색,색깔,명사
초급,까맣다,밤하늘이,형용사
초급,깎다,사과를,동사
초급,깜짝02,깜짝 놀라다,부사
초급,깨끗이,깨끗이 씻다,부사
초급,깨끗하다,옷이 ,형용사
초급,깨다01,잠이,동사
초급,꺼내다,가방에서,동사
초급,껌,을 씹다,명사
초급,꼭03,꼭 필요하다,부사
초급,꽃01,이 피다,명사
초급,꽃다발,을 선물하다,명사
초급,꽃병,을 깨뜨리다,명사
초급,꽃집,을 열다,명사
초급,꾸다01,꿈을,동사
초급,꿈01,을 꾸다,명사
초급,끄다01,불을,동사
초급,끊다,담배를,동사
초급,끓다,물이,동사
초급,끓이다01,물을,동사
초급,끝01,시작,명사
초급,끝나다,수업이,동사
초급,끝내다,일을,동사
초급,끼다01,반지를,동사
초급,나03,나와 너,대명사/명사
초급,나가다,밖으로,동사
초급,나누다,둘로,동사
초급,나다01,수염이,동사
초급,나라01,우리 나라,명사
초급,나머지,나머지 돈,명사
초급,나무01,를 심다,명사
초급,나쁘다01,공기가,형용사
초급,나오다,밖에,동사
초급,나이01,가 많다,명사
초급,나중01,에 깨닫다,명사
초급,나타나다,건물이,동사
초급,나흘,이 걸리다,명사
초급,낚시,를 가다,명사
초급,날01,마지막 날,명사/의존명사
초급,날다01,새가,동사
초급,날씨01,가 좋다,명사
초급,날씬하다,몸매가,형용사
초급,날아다니다,나비가,동사
초급,날짜01,를 정하다,명사
초급,남01,타인,명사
초급,남기다,음식을,동사
초급,남녀,남녀 평등,명사
초급,남다01,시간이,동사
초급,남대문,고적,명사
초급,남동생,을 돌보다,명사
초급,남산02,지명,명사
초급,남성01,여성,명사
초급,남자02,여자,명사
초급,남쪽,북쪽,명사
초급,남편01,아내,명사
초급,남학생,여학생,명사
초급,낫다01,병이,동사
초급,낫다02,더 낫다,형용사
초급,낮,밤,명사
초급,낮다,산이,형용사
초급,낮잠,을 자다,명사
초급,내04,내가,대명사
초급,내과01,병원,명사
초급,내년,내년 여름,명사
초급,내다02,문제를,동사
초급,내려가다,아래로,동사
초급,내려오다,아래로,동사
초급,내리다01,비가,동사
초급,내용02,수업 내용,명사
초급,내일,로 미루다,명사/부사
초급,냄비,에 끓이다,명사
초급,냄새,를 맡다,명사
초급,냉면,을 먹다,명사
초급,냉장고,에 넣다,명사
초급,너01,나,대명사
초급,너무01,너무 심하다,부사
초급,너희,너희 가족,대명사
초급,넓다,집이,형용사
초급,넘다01,세 시간이,동사
초급,넘어지다,자전거가,동사
초급,넣다,책을,동사
초급,네01,네가,대명사
초급,네02,숫자(4),관형사
초급,네03,대답,감탄사
초급,넥타이,를 매다,명사
초급,넷01,숫자,수사
초급,넷째,넷째 시간,수사·관형사/명사
초급,년02,2015년,의존명사
초급,노란색,색깔,명사
초급,노랗다,병아리가,형용사
초급,노래01,를 부르다,명사
초급,노래방,에 가다,명사
초급,노력01,을 하다,명사
초급,노인01,을 공경하다,명사
초급,노트02,에 쓰다,명사
초급,녹색,색깔,명사
초급,녹차01,를 마시다,명사
초급,놀다01,친구와 놀다,동사
초급,놀라다,깜짝 놀라다,동사
초급,놀이01,인형 놀이,명사
초급,농구06,농구 경기,명사
초급,농담01,을 주고받다,명사
초급,높다,산이,형용사
초급,높이01,가 높다,명사
초급,높이02,높이 날다,부사
초급,놓다01,펜을,동사
초급,누구,거기 누구 계세요?,대명사
초급,누나01,사촌 누나,명사
초급,누르다01,버튼을,동사
초급,눈01,이 작다,명사
초급,눈04,날씨,명사
초급,눈물01,이 흐르다,명사
초급,눕다01,바닥에,동사
초급,뉴스,를 보다,명사
초급,느끼다02,추위를,동사
초급,느낌,이 좋다,명사
초급,느리다01,걸음이,형용사
초급,늘,늘 만나다,부사
초급,늘다01,면적이,동사
초급,늙다,사람이,동사
초급,능력02,이 있다,명사
초급,늦다,시계가,형용사/동사
초급,다03,모두,부사/명사
초급,다녀오다,학교에,동사
초급,다니다,회사에,동사
초급,다르다01,모양이,형용사
초급,다른,다른 나라,관형사
초급,다리01,가 길다,명사
초급,다리02,를 건너다,명사
초급,다림질,을 하다,명사
초급,다섯,다섯 개,수사·관형사
초급,다섯째,다섯째 사람,수사·관형사/명사
초급,다시01,다시 시작하다,부사
초급,다양,다양한 방법,명사
초급,다음01,다음 날,명사
초급,다음날,에 만나다,명사
초급,다이어트,에 성공하다,명사
초급,다치다01,팔을,동사
초급,다하다,기력이,동사
초급,닦다01,구두를,동사
초급,단순02,단순 노동,명사
초급,단어,를 외우다,명사
초급,단추01,가 떨어지다,명사
초급,단풍01,이 들다,명사
초급,닫다02,문을,동사
초급,달05,다음 달,명사/의존명사
초급,달걀,을 삶다,명사
초급,달다07,맛이,형용사
초급,달력,을 걸다,명사
초급,달리기,가 빠르다,명사
초급,달리다04,빨리 달리다,동사
초급,닭,을 키우다,명사
초급,닭고기,를 볶다,명사
초급,닮다,아빠를,동사
초급,담배,를 피우다,명사
초급,답03,이 없다,명사
초급,답답하다,가슴이,형용사
초급,답장,을 보내다,명사
초급,대16,차 한 대,의존명사
초급,대구03,에 살다,명사
초급,대답,을 기다리다,명사
초급,대부분,대부분의 시간,명사/부사
초급,대사관,미국 대사관,명사
초급,대전01,지명,명사
초급,대학01,에 들어가다,명사
초급,대학교,에 입학하다,명사
초급,대학생,이 되다,명사
초급,대학원,을 다니다,명사
초급,대화06,를 나누다,명사
초급,대회02,가 열리다,명사
초급,댁01,선생님 댁,명사/대명사
초급,더01,하나 더,부사
초급,더럽다,손이,형용사
초급,더욱,더욱 좋다,부사
초급,덕분,부모님 덕분,명사
초급,던지다,공을,동사
초급,덥다01,날씨가,형용사
초급,데려가다,아이를,동사
초급,데려오다,친구를,동사
초급,데이트,를 신청하다,명사
초급,도05,영상 일 도,의존명사
초급,도로07,를 건너다,명사
초급,도서관,에서 공부하다,명사
초급,도시03,를 건설하다,명사
초급,도와주다,일을,동사
초급,도움,을 받다,명사
초급,도착01,도착 시간,명사
초급,독서03,를 하다,명사
초급,독일,나라,명사
초급,돈01,을 벌다,명사
초급,돈가스,를 먹다,명사
초급,돌02,을 던지다,명사
초급,돌다,바퀴가,동사
초급,돌려주다,책을,동사
초급,돌리다04,바퀴를,동사
초급,돌아가다,바퀴가,동사
초급,돌아오다,학교에서,동사
초급,돕다,아버지를,동사
초급,동네,동네 사람,명사
초급,동대문,고적,명사
초급,동물,을 키우다,명사
초급,동물원,에 가다,명사
초급,동생01,이 태어나다,명사
초급,동시02,에 일어나다,명사
초급,동안01,며칠 동안,명사
초급,동전05,백 원짜리 동전,명사
초급,동쪽,방향,명사
초급,돼지,를 기르다,명사
초급,돼지고기,를 먹다,명사
초급,되다01,배우가,동사
초급,-되다05,취소되다,접사
초급,된장,에 찍다,명사
초급,된장찌개,를 먹다,명사
초급,두01,숫자,관형사
초급,두껍다,책이,형용사
초급,두다01,책상 위에,동사
초급,두부01,를 먹다,명사
초급,두세,두세 개,관형사
초급,두통,을 앓다,명사
초급,둘01,숫자,수사
초급,둘째,둘째 딸,수사·관형사/명사
초급,뒤01,에 있다,명사
초급,뒤쪽01,방향,명사
초급,드디어,드디어 끝나다,부사
초급,드라마,를 보다,명사
초급,드리다01,용돈을,동사
초급,듣다01,음악을,동사
초급,들다01,돈이,동사
초급,들다04,가방을,동사
초급,들르다,서점에,동사
초급,들리다03,소리가,동사
초급,들어가다01,방으로,동사
초급,들어오다,학교로,동사
초급,등01,신체,명사
초급,등산,을 가다,명사
초급,디자인,이 예쁘다,명사
초급,따뜻하다,방 안이,형용사
초급,따로,따로 분리하다,부사
초급,딸01,아들,명사
초급,딸기,과일,명사
초급,땀01,이 나다,명사
초급,땅01,에 떨어지다,명사
초급,때01,어릴 때,명사
초급,떠나다,어디론가,동사
초급,떠들다01,시끄럽게,동사
초급,떡01,음식,명사
초급,떡국,음식,명사
초급,떡볶이,음식,명사
초급,떨어지다,낭떠러지로 ,동사
초급,또,또 생기다,부사
초급,또는,남자 또는 여자,부사
초급,똑같다,모양이,형용사
초급,똑같이,똑같이 나누다,부사
초급,똑똑하다,머리가,형용사
초급,똑바로,똑바로 가다,부사
초급,뚱뚱하다,몸매가,형용사
초급,뛰다02,운동장을,동사
초급,뛰어가다,학교로,동사
초급,뜨겁다,국물이,형용사
초급,뜨다05,눈을,동사
초급,뜻,이 어렵다,명사
초급,라디오,를 켜다,명사
초급,라면01,음식,명사
초급,러시아,나라,명사
초급,레스토랑,에서 먹다,명사
초급,마당,이 넓다,명사
초급,마르다01,물기가,동사
초급,마리01,한 마리,의존명사
초급,마시다,물을,동사
초급,마을01,에 살다,명사
초급,마음01,이 따뜻하다,명사
초급,마중01,을 가다,명사
초급,마지막,마지막 경기,명사
초급,마치다02,일을,동사
초급,마트,에서 사다,명사
초급,마흔,마흔 개,수사·관형사
초급,막걸리,를 마시다,명사
초급,막히다,통로가,동사
초급,만06,숫자,수사·관형사
초급,만나다,친구를,동사
초급,만두01,음식,명사
초급,만들다,음식을,동사
초급,만약,만약의 경우,명사
초급,만일01,에 대비하다,명사
초급,만지다,손을,동사
초급,만화10,를 그리다,명사
초급,많다,돈이,형용사
초급,많이,많이 사다,부사
초급,말01,을 하다,명사
초급,말04,을 타다,명사
초급,말11,학기 말,의존명사
초급,말다03,걱정을,동사
초급,말레이시아,나라,명사
초급,말씀,이 없다,명사
초급,맑다01,공기가,형용사
초급,맛01,이 달다,명사
초급,맛없다,음식이,형용사
초급,맛있다,음식이,형용사
초급,맞다01,답이,동사
초급,맞추다01,답을,동사
초급,매년,매년 증가하다,명사/부사
초급,매다01,신발 끈을,동사
초급,매달,매달 만나다,명사/부사
초급,매우01,매우 좋다,부사
초급,매일,매일 만나다,명사/부사
초급,매주01,매주 만나다,명사/부사
초급,매표소,극장 매표소,명사
초급,맥주,를 마시다,명사
초급,맵다,고추가,형용사
초급,머리01,가 크다,명사
초급,머리카락,을 자르다,명사
초급,먹다02,밥을,동사
초급,먼저,먼저 가다,명사/부사
초급,멀다02,거리가,형용사
초급,멀리01,멀리 가다,부사
초급,멈추다,피가,동사
초급,멋01,을 내다,명사
초급,멋있다,옷이 ,형용사
초급,메뉴,를 고르다,명사
초급,메다02,가방을,동사
초급,메모,를 하다,명사
초급,메시지,를 남기다,명사
초급,메일,을 쓰다,명사
초급,며칠,이 걸리다,명사
초급,명03,한 명,의존명사
초급,명절01,을 맞다,명사
초급,몇,몇 개,수사/관형사
초급,모기01,에 물리다,명사
초급,모두01,모두 함께,명사/부사
초급,모든,모든 사람,관형사
초급,모레,시간,명사/부사
초급,모르다,규칙을,동사
초급,모습01,을 보이다,명사
초급,모시다,부모님을,동사
초급,모양02,별 모양,명사
초급,모으다,장난감을,동사
초급,모이다01,돈이,동사
초급,모임01,에 나가다,명사
초급,모자08,를 쓰다,명사
초급,모자라다,잠이,동사
초급,목01,이 길다,명사
초급,목걸이01,를 하다,명사
초급,목도리,를 하다,명사
초급,목소리,가 크다,명사
초급,목요일,요일,명사
초급,목욕,을 하다,명사
초급,목욕탕,에서 씻다,명사
초급,목적03,을 이루다,명사
초급,몸01,이 건강하다,명사
초급,못04,못 마시다,부사
초급,못생기다,얼굴이,형용사
초급,못하다,노래를,동사/형용사
초급,몽골,나라,명사
초급,무02,를 심다,명사
초급,무겁다,짐이,형용사
초급,무게,가 나가다,명사
초급,무궁화,꽃,명사
초급,무료01,로 주다,명사
초급,무릎,신체,명사
초급,무섭다,귀신이,형용사
초급,무슨,무슨 요일,관형사
초급,무엇,−,대명사
초급,무척01,무척 길다,부사
초급,문04,을 열다,명사
초급,문제06,를 풀다,명사
초급,문화01,를 교류하다,명사
초급,묻다03,길을,동사
초급,물01,을 마시다,명사
초급,물건,을 사다,명사
초급,물고기,를 잡다,명사
초급,물론01,물론 그렇다,명사/부사
초급,물어보다,길을,동사
초급,뭐,뭐라고 말하다,대명사/감탄사
초급,미국04,나라,명사
초급,미끄러지다,눈길에,동사
초급,미래02,가 밝다,명사
초급,미리01,미리 알리다,부사
초급,미술관,국립 미술관,명사
초급,미안01,인사,명사
초급,미역국,을 끓이다,명사
초급,미용실,에 가다,명사
초급,미터02,백 미터,의존명사
초급,믿다,약속을,동사
초급,밀가루,밀가루 음식,명사
초급,밀다01,문을,동사
초급,밑01,에 두다,명사
초급,바깥,에 나가다,명사
초급,바깥쪽,으로 나가다,명사
초급,바꾸다,달러를 원화로,동사
초급,바뀌다,새 것으로,동사
초급,바나나,과일,명사
초급,바다,를 건너다,명사
초급,바닥01,에 떨어지다,명사
초급,바닷가,로 나가다,명사
초급,바라다01,성공을,동사
초급,바라보다,하늘을,동사
초급,바람01,이 불다,명사
초급,바로02,바로 시작하다,부사
초급,바르다01,로션을,동사
초급,바쁘다,일이,형용사
초급,바이올린,을 켜다,명사
초급,바지01,를 입다,명사
초급,박물관,을 구경하다,명사
초급,박수02,를 치다,명사
초급,밖,안,명사
초급,반07,사과 반,명사
초급,반10,우리 반,명사
초급,반갑다,손님이,형용사
초급,반대03,로 가다,명사
초급,반드시,반드시 가다,부사
초급,반바지,를 입다,명사
초급,반지02,를 끼다,명사
초급,반찬,을 먹다,명사
초급,받다01,선물을,동사
초급,받아쓰다,노트에,동사
초급,발01,이 크다,명사
초급,발가락,신체,명사
초급,발바닥,신체,명사
초급,밝다,불빛이,동사/형용사
초급,밤01,이 깊다,명사
초급,밥01,을 하다,명사
초급,방07,이 넓다,명사
초급,방금01,방금 가다,명사/부사
초급,방문02,을 닫다,명사
초급,방문03,고향 방문,명사
초급,방법,사용 방법,명사
초급,방송01,을 보다,명사
초급,방송국,라디오 방송국,명사
초급,방학,겨울 방학,명사
초급,방향01,을 바꾸다,명사
초급,배01,신체,명사
초급,배02,를 타다,명사
초급,배03,를 먹다,명사
초급,배09,두 배,명사
초급,배달02,을 시키다,명사
초급,배드민턴,을 치다,명사
초급,배우01,연극 배우,명사
초급,배우다01,글을,동사
초급,배추01,를 다듬다,명사
초급,배탈01,이 나다,명사
초급,백05,숫자,수사·관형사
초급,백만,백만 개,수사·관형사
초급,백화점,에서 사다,명사
초급,뱀,동물,명사
초급,버릇01,이 되다,명사
초급,버리다01,휴지를,동사
초급,버스02,를 타다,명사
초급,번04,첫째 번,의존명사
초급,번째,세 번째,의존명사
초급,번호02,를 매기다,명사
초급,벌02,옷 한 벌,의존명사
초급,벌다02,돈을,동사
초급,벌써,벌써 가다,부사
초급,벗다,모자를,동사
초급,베트남,나라,명사
초급,벽06,에 걸다,명사
초급,변하다,모양이,동사
초급,변호사,직업,명사
초급,별01,이 빛나다,명사
초급,별로01,별로 없다,부사
초급,병04,에 걸리다,명사
초급,병05,을 깨다,명사
초급,병문안,을 가다,명사
초급,병원02,에 가다,명사
초급,보내다,편지를,동사
초급,보다01,신문을,동사
초급,보다02,보다 높이,부사
초급,보라색,색깔,명사
초급,보이다01,산이,동사
초급,보이다02,사진을,동사
초급,보통,이 넘다,명사/부사
초급,복습,예습,명사
초급,복잡하다,생각이,형용사
초급,볶다,고기를,동사
초급,볶음밥,음식,명사
초급,볼펜02,으로 쓰다,명사
초급,봄01,계절,명사
초급,봉투02,를 열다,명사
초급,뵙다,어른을,동사
초급,부끄럽다,부끄럽게 웃다,형용사
초급,부드럽다,머릿결이,형용사
초급,부럽다,다른 사람이 ,형용사
초급,부르다01,친구를,동사
초급,부르다02,배가,형용사
초급,부모님,께 효도하다,명사
초급,부부03,부부 싸움,명사
초급,부분01,으로 나누다,명사
초급,부산02,지명,명사
초급,부엌,에서 요리하다,명사
초급,부인01,아내,명사
초급,부자07,가 되다,명사
초급,부장07,으로 승진하다,명사
초급,부족01,산소 부족,명사
초급,부지런하다,사람이,형용사
초급,부치다02,편지를,동사
초급,부탁,을 받다,명사
초급,북쪽,방향,명사
초급,분01,아는 분,의존명사
초급,분08,60분,의존명사
초급,분명하다01,발음이,형용사
초급,분식04,을 먹다,명사
초급,분위기,어색한,명사
초급,분홍색,색깔,명사
초급,불01,을 피우다,명사
초급,불고기,음식,명사
초급,불다01,바람이,동사
초급,불쌍하다,표정이,형용사
초급,불안01,이 커지다,명사
초급,불편01,이 따르다,명사
초급,붉다01,색깔이,형용사
초급,붙다,먼지가,동사
초급,붙이다,우표를,동사
초급,블라우스,를 입다,명사
초급,비01,가 그치다,명사
초급,비교01,비교 대상,명사
초급,비누,로 씻다,명사
초급,비다01,집이,동사
초급,비디오,비디오 두 편,명사
초급,비밀,을 지키다,명사
초급,비빔밥,음식,명사
초급,비슷하다02,성격이,형용사
초급,비싸다,값이,형용사
초급,비행기,를 타다,명사
초급,빌딩,을 짓다,명사
초급,빌리다,돈을,동사
초급,빠르다,걸음이,형용사
초급,빠지다02,강에,동사
초급,빨간색,색깔,명사
초급,빨갛다,사과가,형용사
초급,빨다02,옷을,동사
초급,빨래,를 하다,명사
초급,빨리,빨리 걷다,부사
초급,빵01,을 먹다,명사
초급,빵집,에서 일하다,명사
초급,빼다01,이를,동사
초급,뽑다,이를,동사
초급,사11,숫자,수사/관형사
초급,사거리01,를 건너다,명사
초급,사계절,이 뚜렷하다,명사
초급,사고12,가 나다,명사
초급,사과05,과일,명사
초급,사귀다,친구를,동사
초급,사다,물건을,동사
초급,사람,이 살다,명사
초급,사랑01,연인 간의,명사
초급,사무실,에 출근하다,명사
초급,사실04,을 밝히다,명사/부사
초급,사십,숫자,수사/관형사
초급,사업04,사업 수완,명사
초급,사용04,을 하다,명사
초급,사월02,달(월),명사
초급,사이01,에 놓다,명사
초급,사이다02,를 마시다,명사
초급,사이즈01,가 크다,명사
초급,사장15,이 되다,명사
초급,사전22,을 찾다,명사
초급,사진06,카메라,명사
초급,사탕02,을 먹다,명사
초급,사흘,시간,명사
초급,산01,에 오르다,명사
초급,산책,을 나가다,명사
초급,살01,이 찌다,명사
초급,살04,세 살,의존명사
초급,살다01,오래 ,동사
초급,삼06,삼 년,수사/관형사
초급,삼거리,가 나오다,명사
초급,삼겹살,음식,명사
초급,삼계탕,음식,명사
초급,삼십,숫자,수사/관형사
초급,삼월,달(월),명사
초급,삼촌,친척,명사
초급,상25,을 받다,명사
초급,상자09,에 넣다,명사
초급,상처02,가 낫다,명사
초급,상추01,식물,명사
초급,상품03,을 팔다,명사
초급,새03,동물,명사
초급,새06,새 옷,관형사
초급,새로,새로 사다,부사
초급,새롭다,기억이,형용사
초급,새벽01,에 일어나다,명사
초급,새해,가 다가오다,명사
초급,색03,색깔,명사
초급,색깔,이 진하다,명사
초급,샌드위치,음식,명사
초급,생각01,에 빠지다,명사
초급,생각나다,할 말이,동사
초급,생기다,건물이,동사
초급,생선,을 굽다,명사
초급,생신02,생일,명사
초급,생일02,파티,명사
초급,생활,직장 생활,명사
초급,샤워,를 하다,명사
초급,서너,서너 개,관형사
초급,서다01,똑바로 서다,동사
초급,서두르다,준비를,동사
초급,서랍,을 닫다,명사
초급,서로01,서로 믿다,부사
초급,서류02,문서,명사
초급,서른,숫자,수사·관형사
초급,서비스,서비스 정신,명사
초급,서양,동양,명사
초급,서울01,도시,명사
초급,서점03,책방,명사
초급,서쪽,방향,명사
초급,섞다,물을,동사
초급,선물03,을 받다,명사
초급,선배,후배,명사
초급,선생님,국어 선생님,명사
초급,선선하다01,날씨가,형용사
초급,선수05,축구 선수,명사
초급,선택,을 하다,명사
초급,선풍기,를 켜다,명사
초급,설거지,를 하다,명사
초급,설날,명절,명사
초급,설렁탕,음식,명사
초급,설명,을 듣다,명사
초급,설탕,을 넣다,명사
초급,섬03,제주도,명사
초급,섭섭하다01,서운하다,형용사
초급,성06,김 씨,명사
초급,성격02,이 좋다,명사
초급,성공01,실패,명사
초급,성적04,을 거두다,명사
초급,성함,을 묻다,명사
초급,세01,숫자,관형사
초급,세13,삼십 세,의존명사
초급,세계02,세계 여행,명사
초급,세다03,주먹이,형용사
초급,세배,를 드리다,명사
초급,세상01,이 넓다,명사
초급,세수04,얼굴,명사
초급,세우다01,자리에서,동사
초급,세탁,을 하다,명사
초급,세탁기,를 돌리다,명사
초급,세탁소,에 옷을 맡기다,명사
초급,센터02,쇼핑 센터,명사
초급,센티미터,단위,의존명사
초급,셋,숫자,수사
초급,셋째,숫자,수사·관형사/명사
초급,소03,동물,명사
초급,소개02,직업 소개,명사
초급,소고기,를 먹다,명사
초급,소금01,이 짜다,명사
초급,소리01,가 나다,명사
초급,소설03,고전 소설,명사
초급,소식04,을 듣다,명사
초급,소주05,를 마시다,명사
초급,소중하다,친구가,형용사
초급,소파06,가구,명사
초급,소포01,우편,명사
초급,소풍02,을 가다,명사
초급,소화제01,약,명사
초급,속01,주머니 속,명사
초급,속도01,가 빠르다,명사
초급,속옷,을 입다,명사
초급,손01,신체,명사
초급,손가락,신체,명사
초급,손녀,를 돌보다,명사
초급,손님,이 없다,명사
초급,손바닥,신체,명사
초급,손수건,으로 닦다,명사
초급,송편,음식,명사
초급,쇼핑,을 가다,명사
초급,수26,숫자,명사
초급,수건,으로 닦다,명사
초급,수고01,를 하다,명사
초급,수박01,을 먹다,명사
초급,수술05,을 받다,명사
초급,수업04,을 받다,명사
초급,수영02,을 배우다,명사
초급,수영복,을 입다,명사
초급,수영장,에 다니다,명사
초급,수요일,요일,명사
초급,수저01,를 놓다,명사
초급,수첩01,에 쓰다,명사
초급,숙제03,를 하다,명사
초급,순두부찌개,음식,명사
초급,순서,를 매기다,명사
초급,숟가락,을 들다,명사
초급,술01,을 마시다,명사
초급,술집,에서 술을 마시다,명사
초급,숫자,를 세다,명사
초급,쉬다03,그늘에서,동사
초급,쉬다04,숨을,동사
초급,쉰,숫자,수사·관형사
초급,쉽다,문제가 ,형용사
초급,슈퍼마켓,에서 사다,명사
초급,스무,숫자,관형사
초급,스물,숫자,수사
초급,스스로,나 스스로,부사/명사
초급,스웨터,를 입다,명사
초급,스카프,를 매다,명사
초급,스케이트,를 신다,명사
초급,스키,를 신다,명사
초급,스키장,에서 놀다,명사
초급,스타,인기 스타,명사
초급,스트레스,를 풀다,명사
초급,스파게티,음식,명사
초급,스포츠,스포츠 경기,명사
초급,슬퍼하다,이별을,동사
초급,슬프다,마음이,형용사
초급,슬픔,에 잠기다,명사
초급,습관,을 기르다,명사
초급,시06,서울시,명사
초급,시10,몇 시/태어난 시,명사/의존명사
초급,시간04,이 걸리다,명사/의존명사
초급,시간표,를 짜다,명사
초급,시계02,시간,명사
초급,시골,에 살다,명사
초급,시끄럽다,소리가,형용사
초급,시내03,시외,명사
초급,시다01,맛이,형용사
초급,시민,을 설득하다,명사
초급,시어머니,를 모시다,명사
초급,시원하다,공기가,형용사
초급,시월01,달(월),명사
초급,시작01,끝,명사
초급,시장04,에 가다,명사
초급,시청01,시청 공무원,명사
초급,시키다01,일을,동사
초급,시험03,을 보다,명사
초급,식구01,가족,명사
초급,식다01,국이,동사
초급,식당,에서 식사하다,명사
초급,식빵,을 먹다,명사
초급,식사03,를 하다,명사
초급,식초,를 넣다,명사
초급,식탁,을 차리다,명사
초급,식품01,을 섭취하다,명사
초급,신다,양말을,동사
초급,신랑02,신부,명사
초급,신문10,을 읽다,명사
초급,신발,을 신다,명사
초급,신부10,신랑,명사
초급,신분증,을 확인하다,명사
초급,신선하다03,과일이,형용사
초급,신청01,을 받다,명사
초급,신호01,를 기다리다,명사
초급,신호등,을 기다리다,명사
초급,신혼여행,을 떠나다,명사
초급,싣다01,짐을,동사
초급,실례01,가 되다,명사
초급,실수01,를 하다,명사
초급,실패02,성공,명사
초급,싫다01,일이,형용사
초급,싫어하다,몹시 싫어하다,동사
초급,심다01,나무를,동사
초급,심심하다01,지루하고 심심하다,형용사
초급,심하다,장난이,형용사
초급,십,숫자,수사/관형사
초급,십만,숫자,수사·관형사
초급,십이월,달(월),명사
초급,십일월,달(월),명사
초급,싱겁다,맛이,형용사
초급,싸다01,짐을,동사
초급,싸다05,가격이,형용사
초급,싸우다,친구와,동사
초급,쌀,보리,명사
초급,쌀쌀하다,날씨가,형용사
초급,쌓다,물건을,동사
초급,썰다01,오이를,동사
초급,쓰다01,글자를,동사
초급,쓰다02,모자를,동사
초급,쓰다03,컴퓨터를,동사
초급,쓰다06,맛이,형용사
초급,쓰레기,를 줍다,명사
초급,쓰레기통,을 버리다,명사
초급,씨07,마이클 씨,의존명사
초급,씹다01,껌을,동사
초급,씻다,손을,동사
초급,아02,"아, 그래요?",감탄사
초급,아가씨,아줌마,명사
초급,아기01,가 울다,명사
초급,아까,아까 먹다,부사/명사
초급,아나운서,직업,명사
초급,아내01,남편,명사
초급,아니02,대답,감탄사
초급,아니다,−,형용사
초급,아니요,대답,감탄사
초급,아들,을 낳다,명사
초급,아래01,위치,명사
초급,아래쪽,방향,명사
초급,아르바이트,를 구하다,명사
초급,아름답다,모습이,형용사
초급,아마01,아마 -을 것이다,부사
초급,아무01,아무도/아무 데도,관형사/대명사
초급,아무것,이나 괜찮다,명사
초급,아무리,아무리 아이라고 해도,부사
초급,아버님,가족,명사
초급,아버지,가족,명사
초급,아빠,가족,명사
초급,아이01,어른,명사
초급,아이스크림,을 먹다,명사
초급,아저씨,아주머니,명사
초급,아주01,아주 쉽다,부사
초급,아주머니,아저씨,명사
초급,아줌마,아주머니,명사
초급,아직01,아직 없다,부사
초급,아침,이 되다,명사
초급,아파트,에 살다,명사
초급,아프다,다리가,형용사
초급,아홉,숫자,수사/관형사
초급,아흔,숫자,수사/관형사
초급,악기05,를 연주하다,명사
초급,안01,밖,명사
초급,안02,안 춥다,부사
초급,안개,가 끼다,명사
초급,안경03,을 쓰다,명사
초급,안내01,관광,명사
초급,안내문,을 받다,명사
초급,안녕,친구야! 안녕.,명사/감탄사
초급,안녕히,안녕히 계세요,부사
초급,안다01,아기를,동사
초급,안되다01,공부가,동사
초급,안전03,을 지키다,명사
초급,안쪽,바깥쪽,명사
초급,앉다,의자에,동사
초급,알다,사실을,동사
초급,알리다,사실을,동사
초급,알맞다,크기가 ,형용사
초급,알아보다,정보를,동사
초급,앞,으로 나가다,명사
초급,앞쪽,으로 향하다,명사
초급,애02,어른,명사
초급,애인02,연인,명사
초급,앨범,사진,명사
초급,야04,"야, 같이 가자",감탄사
초급,야구02,축구,명사
초급,야채,를 먹다,명사
초급,약03,약 1시간,관형사
초급,약07,을 먹다,명사
초급,약간,약간 크다,부사/명사
초급,약국02,에 가다,명사
초급,약사04,가 되다,명사
초급,약속,을 지키다,명사
초급,약하다01,힘이,형용사
초급,얇다,두께가,형용사
초급,양말01,을 신다,명사
초급,양복01,을 입다,명사
초급,양식03,한식,명사
초급,양식집,에 가다,명사
초급,양치질,을 하다,명사
초급,얘기,를 들려주다,명사
초급,어02,"어, 이게 뭐야?",감탄사
초급,어깨01,신체,명사
초급,어느01,어느 나라,관형사
초급,어둡다,조명이,형용사
초급,어디01,어디예요?,대명사
초급,어떠하다,생각이,형용사
초급,어떤,어떤 느낌,관형사
초급,어떻다,마음이,형용사
초급,어렵다,문제가 ,형용사
초급,어른01,이 되다,명사
초급,어리다03,나이가,형용사
초급,어린아이,와 놀다,명사
초급,어린이01,사람,명사
초급,어머니01,가족,명사
초급,어머님,가족,명사
초급,어서01,어서 일어나,부사
초급,어울리다,사람들과,동사
초급,어제01,오늘,부사/명사
초급,어젯밤,시간,명사
초급,억04,숫자,수사·관형사
초급,언니,가족,명사
초급,언어01,로 표현하다,명사
초급,언제01,언제예요?,대명사/부사
초급,언제나,언제나 함께,부사
초급,얻다01,물건을 ,동사
초급,얼굴01,신체,명사
초급,얼다01,얼음이,동사
초급,얼마,얼마예요?,명사
초급,얼마나,얼마나 예쁜지,부사
초급,얼음01,이 녹다,명사
초급,엄마,가족,명사
초급,없다01,재미가,형용사/동사
초급,엉덩이,신체,명사
초급,에어컨,을 켜다,명사
초급,엘리베이터,를 타다,명사
초급,여권02,을 발급하다,명사
초급,여기01,장소,대명사
초급,여기저기,장소,명사
초급,여덟,숫자,수사·관형사
초급,여동생,가족,명사
초급,여든,숫자,수사·관형사
초급,여러,여러 나라,관형사
초급,여러분,국민 여러분,대명사
초급,여름01,계절,명사
초급,여보세요,전화,감탄사
초급,여섯,숫자,수사·관형사
초급,여성01,남성,명사
초급,여자02,남자,명사
초급,여쭙다,선생님께,동사
초급,여학생,남학생,명사
초급,여행02,을 가다,명사
초급,여행사,에서 일하다,명사
초급,여행지,로 떠나다,명사
초급,역14,에 내리다,명사
초급,역사04,한국의,명사
초급,역시01,나 역시,부사
초급,연결01,을 끊다,명사
초급,연극,을 보다,명사
초급,연락02,을 주다,명사
초급,연락처,를 남기다,명사
초급,연말01,이 되다,명사
초급,연세02,가 드시다,명사
초급,연습03,피아노 연습,명사
초급,연예인,직업,명사
초급,연필,로 쓰다,명사
초급,연휴02,연휴 동안 쉬다,명사
초급,열03,숫자,수사·관형사
초급,열07,이 나다,명사
초급,열다02,문을,동사
초급,열리다02,문이,동사
초급,열쇠,로 열다,명사
초급,열심히,열심히 공부하다,부사
초급,열차02,를 타다,명사
초급,열흘,시간,명사
초급,엽서02,를 보내다,명사
초급,영14,숫자,명사
초급,영국01,나라,명사
초급,영수증,을 받다,명사
초급,영어02,언어,명사
초급,영하,로 떨어지다,명사
초급,영화01,를 보다,명사
초급,영화관01,에 가다,명사
초급,영화배우,직업,명사
초급,옆,오른쪽 옆,명사
초급,옆집,에 살다,명사
초급,예06,대답,감탄사
초급,예매01,영화표 예매,명사
초급,예쁘다,얼굴이,형용사
초급,예순,숫자,수사·관형사
초급,예술,예술 작품,명사
초급,예습,복습,명사
초급,예약,호텔 예약,명사
초급,옛01,옛 친구,관형사
초급,옛날,먼 옛날,명사
초급,오04,숫자,수사·관형사
초급,오늘,시간,부사/명사
초급,오다01,한국에,동사
초급,오래02,오래 쓰다,부사
초급,오래간만,오래간만에 만나다,명사
초급,오래되다,집이 ,형용사
초급,오랜만,오랜만에 만나다,명사
초급,오랫동안,오랫동안 사귀다,명사
초급,오렌지,과일,명사
초급,오르다,값이,동사
초급,오른손,왼손,명사
초급,오른쪽,왼쪽,명사
초급,오빠,가족,명사
초급,오십,숫자,수사/관형사
초급,오월01,달(월),명사
초급,오이01,채소,명사
초급,오전02,오후,명사
초급,오후02,오전,명사
초급,온도,가 높다,명사
초급,올라가다,나무에,동사
초급,올라오다,산에,동사
초급,올리다01,값을,동사
초급,올림01,편지,명사
초급,올림픽,올림픽 경기,명사
초급,올해,시간,명사
초급,옳다01,생각이,형용사
초급,옷01,을 입다,명사
초급,옷걸이,에 걸다,명사
초급,옷장02,에 넣다,명사
초급,와02,"와, 정말 반갑다",감탄사
초급,와이셔츠,를 입다,명사
초급,완전히,완전히 끝나다,부사
초급,왕04,이 되다,명사
초급,왜02,왜 그래?,부사
초급,왜냐하면,−,부사
초급,외국02,에 가다,명사
초급,외국어,로 말하다,명사
초급,외국인,을 만나다,명사
초급,외롭다,삶이,형용사
초급,외우다01,단어를,동사
초급,외출,을 준비하다,명사
초급,왼손,오른손,명사
초급,왼쪽,오른쪽,명사
초급,요금01,전화 요금,명사
초급,요리05,방법,명사
초급,요리사,직업,명사
초급,요일,시간,명사
초급,요즘,시간,명사
초급,우동02,을 먹다,명사
초급,우리03,우리 가족,대명사
초급,우리나라,우리나라 사람,명사
초급,우산01,을 쓰다,명사
초급,우선02,먼저,부사
초급,우유02,를 마시다,명사
초급,우체국,에 가다,명사
초급,우표,를 붙이다,명사
초급,운동02,운동 시설,명사
초급,운동복,을 입다,명사
초급,운동장,을 뛰다,명사
초급,운동화,를 신다,명사
초급,운전02,초보 운전,명사
초급,운전사,직업,명사
초급,울다01,아기가,동사
초급,울산01,도시,명사
초급,울음,을 그치다,명사
초급,움직이다,몸을,동사
초급,웃다,활짝 웃다,동사
초급,웃음,이 나다,명사
초급,원01,천 원,의존명사
초급,원피스,를 입다,명사
초급,원하다02,도움을 ,동사
초급,월02,몇 월,명사/의존명사
초급,월급,을 받다,명사
초급,월요일,요일,명사
초급,위01,아래,명사
초급,위쪽,을 향하다,명사
초급,위치01,를 정하다,명사
초급,위험,이 닥치다,명사
초급,유리10,가 깨지다,명사
초급,유명01,유명 가수,명사
초급,유월01,달(월),명사
초급,유치원,에 입학하다,명사
초급,유학04,을 가다,명사
초급,유학생01,유학생 신분,명사
초급,유행02,을 따르다,명사
초급,육02,숫자,수사/관형사
초급,육교02,를 건너다,명사
초급,육십,숫자,수사/관형사
초급,윷놀이,를 하다,명사
초급,은행02,에 입금하다,명사
초급,음01,"음, 그럴 듯하다",감탄사
초급,음료,를 마시다,명사
초급,음료수,물,명사
초급,음식,을 먹다,명사
초급,음식점,에서 식사하다,명사
초급,음악01,을 듣다,명사
초급,음악가,가 연주하다,명사
초급,응01,대답,감탄사
초급,의미02,가 있다,명사
초급,의사12,치과 의사,명사
초급,의자03,에 앉다,명사
초급,이03,를 닦다,명사
초급,이05,"그, 저 ",대명사/관형사
초급,이09,둘 ,수사/관형사
초급,이거01,이것,대명사
초급,이것,−,대명사
초급,이곳,장소,대명사
초급,이기다01,경기에서,동사
초급,이날,이날 공연,명사
초급,이다03,책이다,조사
초급,이따가,이따가 가다,부사
초급,이때,를 놓치다,명사
초급,이런01,이런 일,관형사
초급,이렇다,결과가,형용사
초급,이르다03,빠르다,형용사
초급,이름,을 묻다,명사
초급,이마01,신체,명사
초급,이모02,친척,명사
초급,이미01,이미 끝나다,부사
초급,이번01,이번 주,명사
초급,이분01,그분,대명사
초급,이불01,을 덮다,명사
초급,이사14,를 가다,명사
초급,이삿짐,을 싸다,명사
초급,이상05,한 시간 이상,명사
초급,이상12,이상 기온,명사
초급,이십,숫자,수사/관형사
초급,이야기,를 들려주다,명사
초급,이용01,이 많다,명사
초급,이웃,이웃 나라,명사
초급,이월01,달(월),명사
초급,이유04,를 묻다,명사
초급,이전03,이전의 경험,명사
초급,이제01,이제부터,명사/부사
초급,이쪽02,으로 향하다,대명사
초급,이틀01,이 지나다,명사
초급,이해06,가 쉽다,명사
초급,이후02,이후의 삶,명사
초급,익다01,과일이 ,동사
초급,익숙하다,기계에,형용사
초급,인기01,가 많다,명사
초급,인도네시아,나라,명사
초급,인분,삼 인분,의존명사
초급,인사02,아침 인사,명사
초급,인삼,을 달이다,명사
초급,인정받다,능력을,동사
초급,인천02,지명,명사
초급,인터넷,에 접속하다,명사
초급,인형01,인형 놀이,명사
초급,일01,이 쌓이다,명사
초급,일05,숫자,수사/관형사
초급,일07,삼 일,명사/의존명사
초급,일곱,숫자,수사/관형사
초급,일기12,를 쓰다,명사
초급,일본02,나라,명사
초급,일부02,일부 지역,명사
초급,일식04,음식,명사
초급,일식집,에서 먹다,명사
초급,일어나다,일찍 일어나다,동사
초급,일어서다,자리에서 ,동사
초급,일요일,요일,명사
초급,일월01,달(월),명사
초급,일주일,이 걸리다,명사
초급,일찍,일찍 일어나다,부사
초급,일흔,숫자,수사·관형사
초급,읽다,책을,동사
초급,잃다,물건을,동사
초급,잃어버리다,물건을 ,동사
초급,입,을 열다,명사
초급,입구02,지하철,명사
초급,입다01,옷을,동사
초급,입술,신체,명사
초급,입원01,입원 환자,명사
초급,입장권,을 사다,명사
초급,입학,대학 입학,명사
초급,입학시험,에 합격하다,명사
초급,있다01,집에,동사/형용사
초급,잊다01,번호를,동사
초급,잊어버리다,번호를,동사
초급,잎01,이 떨어지다,명사
초급,자기소개,를 하다,명사
초급,자꾸01,자꾸 반복하다,부사
초급,자다01,잠을,동사
초급,자동차,를 운전하다,명사
초급,자동판매기,를 누르다,명사
초급,자라다01,나무가,동사
초급,자랑01,을 하다,명사
초급,자르다01,머리를,동사
초급,자리01,에 앉다,명사
초급,자세히,자세히 알다,부사
초급,자식01,을 기르다,명사
초급,자신01,나 자신,명사
초급,자연01,으로 돌아가다,명사/부사
초급,자유03,를 누리다,명사
초급,자장면,음식,명사
초급,자전거,를 타다,명사
초급,자주01,자주 만나다,부사
초급,자판기,커피 자판기,명사
초급,작년,시간,명사
초급,작다01,얼굴이,형용사
초급,잔03,커피 잔,명사
초급,잔치01,생일 잔치,명사
초급,잘02,잘 알다,부사
초급,잘되다,일이,동사
초급,잘못,이 많다,부사/명사
초급,잘못되다,순서가,동사
초급,잘못하다,선택을,동사
초급,잘생기다,얼굴이,형용사
초급,잘하다,외국어를,동사
초급,잠01,을 자다,명사
초급,잠깐,잠깐 기다리다,부사/명사
초급,잠시,잠시 기다리다,부사/명사
초급,잠자다,새근새근 잠자다,동사
초급,잡다01,손을,동사
초급,잡수시다,진지를,동사
초급,잡지,를 보다,명사
초급,잡채,음식,명사
초급,장21,한 장,의존명사
초급,장갑01,을 끼다,명사
초급,장난감,을 가지고 놀다,명사
초급,장마01,가 오다,명사
초급,장미05,꽃,명사
초급,장소05,를 정하다,명사
초급,재료01,를 준비하다,명사
초급,재미01,가 있다,명사
초급,재미없다,이야기가,형용사
초급,재미있다,이야기가,형용사
초급,재채기,가 나오다,명사
초급,저03,사람(1인칭),대명사
초급,저04,이도 저도,대명사/관형사
초급,저05,"저, 있잖아요.",감탄사
초급,저거01,저것,대명사
초급,저것,−,대명사
초급,저곳,장소,대명사
초급,저금,을 하다,명사
초급,저기01,장소,대명사
초급,저녁,이 되다,명사
초급,저런01,그런,관형사
초급,저렇다,−,형용사
초급,저번02,저번 주,명사
초급,저분01,이분,대명사
초급,저쪽,방향,대명사
초급,저희01,저희 회사,대명사
초급,적다01,이름을,동사
초급,적다02,양이,형용사
초급,적당하다02,가격이 ,형용사
초급,전07,전 세계,관형사
초급,전08,오래 전,명사/관형사
초급,전공05,을 결정하다,명사
초급,전기15,가 끊기다,명사
초급,전부05,전부 모이다,명사/부사
초급,전철04,을 타다,명사
초급,전체01,전체 국민,명사
초급,전하다,편지를,동사
초급,전혀01,전혀 모르다,부사
초급,전화07,를 걸다,명사
초급,전화기,가 울리다,명사
초급,전화번호,를 묻다,명사
초급,젊다,나이가,형용사
초급,점수06,가 높다,명사
초급,점심,에 만나다,명사
초급,점심때,가 되다,명사
초급,점심시간,이 되다,명사
초급,점점01,점점 추워지다,부사
초급,접다01,종이를,동사
초급,접시,에 담다,명사
초급,젓가락,을 쓰다,명사
초급,정거장,버스 정거장,명사
초급,정도11,어느 정도,명사
초급,정류장,버스 정류장,명사
초급,정리09,책상 정리,명사
초급,정말01,정말 좋다,명사/부사
초급,정문03,으로 다니다,명사
초급,정신없이,정신없이 일하다,부사
초급,정원06,을 가꾸다,명사
초급,정하다03,약속을 ,동사
초급,정형외과,에서 치료하다,명사
초급,정확01,발음이,명사
초급,젖다01,옷이 ,동사
초급,제01,사람(1인칭),대명사
초급,제목02,을 짓다,명사
초급,제일04,제일 좋아하다,명사/부사
초급,제주도01,지명,명사
초급,조금01,조금 먹다,명사/부사
초급,조금씩,조금씩 가다,부사
초급,조심02,운전 조심,명사
초급,조용하다01,집이 ,형용사
초급,조용히,조용히 말하다,부사
초급,조카,가족,명사
초급,졸다01,깜빡 졸다,동사
초급,졸업,입학,명사
초급,좀02,좀 비싸다,부사
초급,좁다01,방이,형용사
초급,종류,가 다양하다,명사
초급,종업원,직업,명사
초급,종이01,에 쓰다,명사
초급,좋다01,날씨가,형용사
초급,좋아하다,꽃을,동사
초급,죄송하다,마음이,형용사
초급,주26,이번 주 ,의존명사/명사
초급,주다01,선물을 ,동사
초급,주로01,주로 말하다,부사
초급,주말02,을 보내다,명사
초급,주머니,에 넣다,명사
초급,주무시다,잠을,동사
초급,주문04,을 받다,명사
초급,주변04,주변 환경,명사
초급,주부03,로 살다,명사
초급,주사13,를 맞다,명사
초급,주소01,를 적다,명사
초급,주스,를 마시다,명사
초급,주위02,눈 주위,명사
초급,주인01,가게 주인,명사
초급,주일03,이번 주일,명사/의존명사
초급,주차04,주차 위반,명사
초급,주차장,에 세우다,명사
초급,주황색,색깔,명사
초급,죽다01,사람이,동사
초급,준비,출근 준비,명사
초급,줄01,을 감다,명사
초급,줄다,크기가 ,동사
초급,줄이다,소리를,동사
초급,줍다01,쓰레기를,동사
초급,중04,회의 중,의존명사
초급,중간01,집과 학교의 중간,명사
초급,중국01,나라 ,명사
초급,중국집,에 주문하다,명사
초급,중심01,서울의 중심,명사
초급,중앙01,무대 중앙,명사
초급,중요02,중요 자료,명사
초급,중학교,에 입학하다,명사
초급,중학생,이 되다,명사
초급,즐거워하다,매우 즐거워하다,동사
초급,즐겁다,마음이,형용사
초급,즐기다01,휴가를 ,동사
초급,지각05,을 하다,명사
초급,지갑03,에 넣다,명사
초급,지금03,지금부터 ,명사/부사
초급,지나가다,시간이,동사
초급,지나다,시간이,동사
초급,지난달,시간,명사
초급,지난번,시간,명사
초급,지난주,시간,명사
초급,지난해,시간,명사
초급,지내다01,잘 지내다,동사
초급,지다03,경기에서,동사
초급,지도03,를 보다,명사
초급,지루하다01,수업이,형용사
초급,지르다03,소리를,동사
초급,지방05,남쪽 지방,명사
초급,지우개,로 지우다,명사
초급,지우다01,지우개로,동사
초급,지키다01,나라를,동사
초급,지하,로 내려가다,명사
초급,지하도,를 건너다,명사
초급,지하철,을 타다,명사
초급,지하철역,에 도착하다,명사
초급,직업,을 구하다,명사
초급,직원03,을 모집하다,명사
초급,직장05,에 다니다,명사
초급,직접,직접 만나다,명사/부사
초급,진짜,진짜 괜찮다,명사/부사
초급,진하다01,안개가,형용사
초급,질문,에 답하다,명사
초급,짐01,을 싸다,명사
초급,집01,에 살다,명사
초급,집들이,에 초대하다,명사
초급,집안일,을 보다,명사
초급,짓다01,집을,동사
초급,짜다03,맛이,형용사
초급,짜증,을 내다,명사
초급,짝01,을 맞추다,명사
초급,짧다,다리가,형용사
초급,짬뽕,음식,명사
초급,쪽05,방향,의존명사
초급,찌개01,를 끓이다,명사
초급,찌다01,살이,동사
초급,찌다05,감자를,동사
초급,찍다02,도장을,동사
초급,차05,자동차,명사
초급,차08,를 마시다,명사
초급,차갑다,물이,형용사
초급,차다01,공간이,동사
초급,차다02,공을,동사
초급,차다03,시계를,동사
초급,차다04,바람이,형용사
초급,차례01,지키다,명사
초급,착하다,마음이,형용사
초급,찬물01,을 마시다,명사
초급,참01,참 좋다,부사
초급,참다,기침을,동사
초급,참외01,과일,명사
초급,창문,을 열다,명사
초급,찾다,지갑을,동사
초급,찾아가다,교실로,동사
초급,찾아보다,수첩을,동사
초급,찾아오다,손님이,동사
초급,채소,를 먹다,명사
초급,책01,을 읽다,명사
초급,책상01,가구,명사
초급,책장02,가구,명사
초급,처음,처음 시작하다,명사
초급,천03,숫자,수사·관형사
초급,천만01,숫자,수사·관형사/명사/부사
초급,천천히,천천히 가다,부사
초급,첫,첫 만남,관형사
초급,첫날,새해 첫날,명사
초급,첫째,첫째 시간,수사·관형사/명사
초급,청년,젊은 청년,명사
초급,청바지,를 입다,명사
초급,청소06,화장실 청소,명사
초급,청소년,청소년 시절,명사
초급,체육관,실내 체육관,명사
초급,체크무늬,체크무늬 남방,명사
초급,쳐다보다,하늘을,동사
초급,초03,초기,의존명사
초급,초07,시간,의존명사
초급,초대06,를 하다,명사
초급,초대장,을 보내다,명사
초급,초등학교,에 입학하다,명사
초급,초등학생,이 되다,명사
초급,초록색,색깔,명사
초급,초콜릿,을 먹다,명사
초급,최고02,최고 점수,명사
초급,최근,에 들다,명사
초급,추다02,춤을,동사
초급,추석01,명절,명사
초급,축구04,운동,명사
초급,축구공,을 차다,명사
초급,축하,축하 파티,명사
초급,출구01,로 나가다,명사
초급,출근,퇴근,명사
초급,출발,도착,명사
초급,출석,을 부르다,명사
초급,출입,을 통제하다,명사
초급,출입국,출입국 사무소,명사
초급,출장01,을 가다,명사
초급,출퇴근,을 하다,명사
초급,춤01,을 추다,명사
초급,춤추다,가수들이,동사
초급,춥다,날씨가,형용사
초급,충분하다01,시간이,형용사
초급,취미04,취미 생활,명사
초급,취소01,예약 취소,명사
초급,취직,이 되다,명사
초급,층02,10층 건물,명사
초급,치과,병원,명사
초급,치다02,책상을,동사
초급,치료,를 받다,명사
초급,치마01,를 입다,명사
초급,치약,을 짜다,명사
초급,치킨,음식,명사
초급,친구02,를 만나다,명사
초급,친절,로 대하다,명사
초급,친척,이 모이다,명사
초급,친하다,친구와,형용사
초급,칠01,숫자,수사/관형사
초급,칠십,숫자,수사/관형사
초급,칠월,달(월),명사
초급,칠판,에 쓰다,명사
초급,침대02,가구,명사
초급,침실,에서 자다,명사
초급,칫솔,로 이를 닦다,명사
초급,칭찬,을 듣다,명사
초급,카드,를 쓰다,명사
초급,카레,음식,명사
초급,카메라,로 찍다,명사
초급,카페,에서 만나다,명사
초급,칼01,로 자르다,명사
초급,칼국수,음식,명사
초급,캐나다,나라,명사
초급,커피,를 마시다,명사
초급,커피숍,에서 만나다,명사
초급,컴퓨터,컴퓨터 게임,명사
초급,컵,을 닦다,명사
초급,케이크,를 먹다,명사
초급,켜다01,불을,동사
초급,켜다02,바이올린을,동사
초급,켤레02,한 켤레,의존명사
초급,코01,가 높다,명사
초급,코끼리,동물,명사
초급,콘서트,를 보다,명사
초급,콜라,를 마시다,명사
초급,콧물,이 나오다,명사
초급,콩01,식물,명사
초급,크기,가 크다,명사
초급,크다01,크기가 ,형용사/동사
초급,크리스마스,크리스마스 트리,명사
초급,큰소리01,가 들리다,명사
초급,키01,키가 큰 사람,명사
초급,키우다,강아지를,동사
초급,킬로그램,단위,의존명사
초급,킬로미터,단위,의존명사
초급,타다01,불에,동사
초급,타다02,차에,동사
초급,타다03,커피를,동사
초급,탁구,를 치다,명사
초급,탕수육,음식,명사
초급,태국,나라,명사
초급,태권도,를 배우다,명사
초급,태극기,를 달다,명사
초급,태도03,가 좋다,명사
초급,태어나다,아이가,동사
초급,태풍,이 불다,명사
초급,택배,로 보내다,명사
초급,택시,를 타다,명사
초급,터미널,에서 내리다,명사
초급,테니스,를 치다,명사
초급,테니스장,에서 연습핟,명사
초급,테이블,에 놓다,명사
초급,텔레비전,을 보다,명사
초급,토끼,동물,명사
초급,토마토,채소,명사
초급,토요일,요일,명사
초급,통장02,을 만들다,명사
초급,통화04,전화 통화,명사
초급,퇴근,출근,명사
초급,퇴원01,퇴원 수속,명사
초급,튀기다02,기름에,동사
초급,튀김01,을 먹다,명사
초급,트럭,을 타다,명사
초급,특별하다,관심이,형용사
초급,특별히,특별히 좋아하다,부사
초급,특히,특히 좋아하다,부사
초급,튼튼하다,몸이,형용사
초급,틀다,텔레비전을,동사
초급,틀리다01,답이,동사
초급,티셔츠,를 입다,명사
초급,팀01,을 이루다,명사
초급,파란색,색깔,명사
초급,파랗다,하늘이,형용사
초급,파티,를 열다,명사
초급,팔01,신체,명사
초급,팔03,숫자,수사/관형사
초급,팔다,책을,동사
초급,팔리다,물건이,동사
초급,팔십,숫자,수사/관형사
초급,팔월,달(월),명사
초급,펴다,책을,동사
초급,편리03,고객의 편리,명사
초급,편안01,을 바라다,명사
초급,편의점,에서 사다,명사
초급,편지02,를 쓰다,명사
초급,편찮다,할아버지께서,형용사
초급,편하다,마음이,형용사
초급,평소,와 같다,명사
초급,평일,주말,명사
초급,포도06,과일,명사
초급,포장01,선물 포장,명사
초급,표04,를 끊다,명사
초급,푸르다,나무가,형용사
초급,푹01,푹 자다,부사
초급,풀다,나사를,동사
초급,풍경01,을 보다,명사
초급,프라이팬,에 볶다,명사
초급,프랑스02,나라,명사
초급,프로그램,교육 프로그램,명사
초급,피02,를 흘리다,명사
초급,피곤,에 지치다,명사
초급,피다01,꽃이,동사
초급,피아노01,를 치다,명사
초급,피우다01,꽃을,동사
초급,피자,를 주문하다,명사
초급,필요,를 충족하다,명사
초급,필통,에 넣다,명사
초급,하나,숫자,수사/명사
초급,하늘01,이 높다,명사
초급,하늘색,색깔,명사
초급,하다01,운동을,동사
초급,-하다02,건강하다,접사
초급,하루01,를 보내다,명사
초급,하숙비,를 내다,명사
초급,하숙집,에 묵다,명사
초급,하얀색,색깔,명사
초급,하얗다,눈이,형용사
초급,하지만,−,부사
초급,학교,에 다니다,명사
초급,학기02,가 시작되다,명사
초급,학년,새 학년,명사
초급,학생,을 가르치다,명사
초급,학생증,을 제시하다,명사
초급,학원02,영어 학원,명사
초급,한01,한 명,관형사
초급,한가하다02,마음이,형용사
초급,한강01,지명,명사
초급,한국05,나라,명사
초급,한글01,을 쓰다,명사
초급,한두,한두 명,관형사
초급,한번,한번 해 보다,명사/부사
초급,한복,을 입다,명사
초급,한식04,을 먹다,명사
초급,한식집02,음식점,명사
초급,한옥,에 살다,명사
초급,한잔,한잔 마시다,명사
초급,한턱,을 내다,명사
초급,할머니,가족,명사
초급,할아버지,가족,명사
초급,할인01,할인 가격,명사
초급,함께,함께 놀다,부사
초급,항공,항공 운항,명사
초급,항공권,을 예약하다,명사
초급,항상,항상 같다,부사
초급,해01,가 뜨다,명사/의존명사
초급,해마다,해마다 만나다,부사
초급,해외,에 수출하다,명사
초급,해외여행,을 가다,명사
초급,햄버거,를 먹다,명사
초급,햇빛,이 비치다,명사
초급,행동,에 옮기다,명사
초급,행복02,을 빌다,명사
초급,행사01,에 참여하다,명사
초급,허리01,신체,명사
초급,헤어지다,친구와,동사
초급,헬스클럽,에서 운동하다,명사
초급,혀01,신체,명사
초급,현금04,을 인출하다,명사
초급,현재02,현재 하는 일,명사/부사
초급,형01,가족,명사
초급,형제01,아들 삼 형제,명사
초급,호14,사월 호 잡지,의존명사
초급,호랑이,동물,명사
초급,호수07,가 맑다,명사
초급,호텔,에 묵다,명사
초급,혹시01,만일,부사
초급,혼자01,살다,부사/명사
초급,홍차,를 마시다,명사
초급,화06,가 나다,명사
초급,화가03,직업,명사
초급,화나다,친구가,동사
초급,화내다,친구에게,동사
초급,화려하다,보석이,형용사
초급,화요일,요일,명사
초급,화장실,에 가다,명사
초급,화장품,을 바르다,명사
초급,환영02,을 받다,명사
초급,환자03,을 돌보다,명사
초급,환전01,달러 환전,명사
초급,활발히,활발히 활동하다,부사
초급,회08,여러 회,의존명사
초급,회사04,에 다니다,명사
초급,회사원,직업,명사
초급,회색01,색깔,명사
초급,회원,을 모집하다,명사
초급,회의04,가 열리다,명사
초급,횡단보도,를 건너다,명사
초급,후08,오 분 후,명사
초급,후배06,영화계 후배,명사
초급,훌륭하다,작품이,형용사
초급,훨씬,훨씬 많다,부사
초급,휴가01,를 가다,명사
초급,휴게실,에서 쉬다,명사
초급,휴대폰,으로 전화하다,명사
초급,휴일,에 쉬다,명사
초급,휴지02,를 줍다,명사
초급,휴지통,에 버리다,명사
초급,흐르다01,물이,동사
초급,흐리다02,공기가,형용사
초급,흔들다,손을,동사
초급,흘리다,눈물을,동사
초급,희망,희망 사항,명사
초급,흰색,색깔,명사
초급,힘01,이 세다,명사
초급,힘들다,일이,형용사
수준,어휘,길잡이말,품사
중급,-가13,전문가,접사
중급,가까이,가까이 다가오다,부사/명사
중급,가꾸다,나무를 가꾸다,동사
중급,가난01,에 찌들다,명사
중급,가능,주차 가능,명사
중급,가능성,이 높다,명사
중급,가득하다01,물이,형용사
중급,가득히,물을 가득히 따르다,부사
중급,가라앉다,먼지가,동사
중급,-가량06,한 시간가량,접사
중급,가렵다,몸이,형용사
중급,가로01,세로,명사/부사
중급,가로등,이 켜지다,명사
중급,가로막다,길을,동사
중급,가루01,로 만들다,명사
중급,가르다,칼로,동사
중급,가리다02,얼굴을,동사
중급,가리다03,시비를,동사
중급,가만,가만 놔두다,부사
중급,가만있다,잠자코 가만있다,동사
중급,가만히,가만히 두다,부사
중급,가뭄,이 들다,명사
중급,가사09,노래 가사,명사
중급,가스,가스가 떨어지다,명사
중급,가스레인지,를 켜다,명사
중급,가습기,를 켜다,명사
중급,가입,을 권유하다,명사
중급,가입자,를 모집하다,명사
중급,가장07,집안의 가장,명사
중급,가전제품,을 구입하다,명사
중급,가정06,을 이루다,명사
중급,가정07,을 해 보다,명사
중급,가정주부,로 살다,명사
중급,가져다주다,물건을,동사
중급,가죽01,가죽 잠바,명사
중급,가지01,를 꺾다,명사
중급,가짜,로 꾸미다,명사
중급,가치06,가 높다,명사
중급,가치관,이 바뀌다,명사
중급,가톨릭,을 믿다,명사
중급,각01,각 개인,관형사
중급,각국,아시아 각국,명사
중급,각오01,를 다지다,명사
중급,각자02,각자가 맡다,명사/부사
중급,각종,각종 과일,명사
중급,간01,을 보다,명사
중급,간08,신체,명사
중급,간10,서울과 부산 간,의존명사
중급,-간16,이틀간,접사
중급,간격02,을 넓히다,명사
중급,간섭,을 받다,명사
중급,간신히,간신히 살아나다,부사
중급,간절하다,간절한 기도,형용사
중급,간접적,간접적 영향,관형사·명사
중급,간지럽다,눈이,형용사
중급,간판02,을 걸다,명사
중급,간편하다,사용이,형용사
중급,간호,를 받다,명사
중급,간혹,간혹 생기다,부사/명사
중급,갇히다,감옥에,동사
중급,갈다01,붕대를,동사
중급,갈등,이 심하다,명사
중급,갈라지다01,벽이,동사
중급,갈수록,갈수록 더하다,부사
중급,갈증,이 나다,명사
중급,-감19,책임감,접사
중급,감각02,이 없다,명사
중급,감다03,붕대를,동사
중급,감독,을 강화하다,명사
중급,감동02,을 받다,명사
중급,감동적,감동적 이야기,관형사·명사
중급,감상05,음악 감상,명사
중급,감상문,독서 감상문,명사
중급,감소01,인구 감소,명사
중급,감시02,를 당하다,명사
중급,감싸다,얼굴을,동사
중급,감옥02,에 가두다,명사
중급,감정06,이 풍부하다,명사
중급,감추다,모습을,동사
중급,감히,감히 대들다,부사
중급,갑작스럽다,갑작스러운 일,형용사
중급,값싸다,값싼 물건,형용사
중급,강도06,은행 강도,명사
중급,강물,이 흐르다,명사
중급,강사04,시간 강사,명사
중급,강수량,이 많다,명사
중급,강요01,부모의 강요,명사
중급,강의02,를 듣다,명사
중급,강의실,대형 강의실,명사
중급,강제01,로 시키다,명사
중급,강조02,강조 사항,명사
중급,갖가지,갖가지 모양,명사
중급,갖추다,시설을,동사
중급,개구리,를 잡다,명사
중급,개나리01,가 피다,명사
중급,개념,을 이해하다,명사
중급,개다01,날이,동사
중급,개다03,옷을,동사
중급,개미03,곤충,명사
중급,개발,재능 개발,명사
중급,개방04,개방 시간,명사
중급,개별,개별 행동,명사
중급,개선01,제도 개선,명사
중급,개성03,이 강하다,명사
중급,개인02,개인의 자유,명사
중급,개인적,개인적 감정,관형사·명사
중급,개최,공동 개최,명사
중급,개혁,경제 개혁,명사
중급,-객02,등산객,접사
중급,객관적,객관적 증거,관형사·명사
중급,걔,그 아이,줄어든 말
중급,거꾸로,거꾸로 뒤집히다,부사
중급,거대,거대 규모,명사
중급,거두다,빨래를,동사
중급,거들다01,일을,동사
중급,거래02,가 이루어지다,명사
중급,거래처,거래처 직원,명사
중급,거미02,곤충,명사
중급,거북이,동물,명사
중급,거스름돈,을 받다,명사
중급,거지01,가 되다,명사
중급,거짓,으로 꾸미다,명사
중급,거치다01,도시를,동사
중급,거칠다,살결이,형용사
중급,거품,이 나다,명사
중급,걱정스럽다,자식이,형용사
중급,건너01,길 건너,명사
중급,건널목,을 건너가다,명사
중급,건네다,돈을,동사
중급,건네주다,돈을,동사
중급,건드리다,물건을,동사
중급,건설,아파트 건설,명사
중급,건전지,를 갈다,명사
중급,건조04,건조 기후,명사
중급,건지다,그물을,동사
중급,건축01,건축 공사,명사
중급,걷다03,소매를,동사
중급,걷다04,빨래를,동사
중급,걸레01,로 닦다,명사
중급,걸치다,구름 위에,동사
중급,검다02,색깔이,형용사
중급,검사02,판사와 검사,명사
중급,검색,인터넷 검색,명사
중급,검토,서류 검토,명사
중급,겁05,을 먹다,명사
중급,겁나다02,말하기가,동사
중급,겉모습,만 보다,명사
중급,겉옷,을 벗다,명사
중급,게01,를 먹다,명사
중급,게다가,게다가 ~까지,부사
중급,게시02,안내문 게시,명사
중급,게시판,에 붙이다,명사
중급,겨우,겨우 살아나다,부사
중급,겨울철,을 보내다,명사
중급,격려,를 보내다,명사
중급,겪다,고통을,동사
중급,견디다,고통을,동사
중급,견학,박물관 견학,명사
중급,견해02,견해 차이,명사
중급,결국,결국 해내다,부사/명사
중급,결근,출근,명사
중급,결론02,을 내리다,명사
중급,결승01,결승 경기,명사
중급,결제01,카드 결제,명사
중급,결코,결코 울지 않다,부사
중급,결합,을 이루다,명사
중급,결혼식장,야외 결혼식장,명사
중급,겸손,겸손의 말,명사
중급,겹치다01,행운이,동사
중급,경계04,를 짓다,명사
중급,경고04,를 주다,명사
중급,경기05,가 회복되다,명사
중급,경기장,실내 경기장,명사
중급,경력02,을 쌓다,명사
중급,경복궁,고궁,명사
중급,경비02,여행 경비,명사
중급,경비실,아파트 경비실,명사
중급,경영02,회사 경영,명사
중급,경우02,그런 경우,명사
중급,경쟁,경쟁 상대,명사
중급,경쟁력,을 키우다,명사
중급,경제04,경제 개발,명사
중급,경제력,이 있다,명사
중급,경제적,경제적 능력,관형사·명사
중급,경찰관,교통 경찰관,명사
중급,경향02,새로운 경향,명사
중급,곁01,에 있다,명사
중급,계곡01,에 가다,명사
중급,계기04,사건의 계기,명사
중급,계산기,로 계산하다,명사
중급,계산대,에서 계산하다,명사
중급,계약,을 체결하다,명사
중급,계약금,을 받다,명사
중급,계약서,를 쓰다,명사
중급,계좌02,계좌 번호,명사
중급,계층,상류 계층,명사
중급,고객04,을 맞다,명사
중급,고구마,를 캐다,명사
중급,고국02,으로 돌아가다,명사
중급,고궁01,을 산책하다,명사
중급,고급02,고급 시계,명사
중급,고급스럽다,자동차가,형용사
중급,고대04,고대와 현대,명사
중급,고독02,을 느끼다,명사
중급,고등02,고등 지식,명사
중급,고등어,고등어 구이,명사
중급,고래01,가 헤엄치다,명사
중급,고려01,고려 사항,명사
중급,고마워하다,부모님에게,동사
중급,고무01,로 만들다,명사
중급,고백,사랑 고백,명사
중급,고생,을 참다,명사
중급,고소하다01,맛이,형용사
중급,고속02,으로 달리다,명사
중급,고요01,를 깨트리다,명사
중급,고유03,고유 음식,명사
중급,고장01,우리 고장,명사
중급,고전02,고전 소설,명사
중급,고정06,고정 수입,명사
중급,고집02,을 부리다,명사
중급,고추01,를 따다,명사
중급,고춧가루,를 넣다,명사
중급,고층,고층 빌딩,명사
중급,고통,을 견디다,명사
중급,고통스럽다,고통스러운 표정,형용사
중급,곡02,쇼팽의 곡,명사
중급,곡식,을 거두다,명사
중급,곤란,을 당하다,명사
중급,곧다01,다리가,형용사
중급,곧바로,곧바로 처리하다,부사
중급,곧이어,곧이어 시작하다,부사
중급,곧잘,곧잘 하다,부사
중급,곧장,곧장 가다,부사
중급,골14,을 넣다(축구),명사
중급,골고루,골고루 먹다,부사
중급,골다01,코를,동사
중급,골목01,좁은 골목,명사
중급,골목길,을 걷다,명사
중급,골프,골프 선수,명사
중급,곰03,동물,명사
중급,곱다02,꽃이,형용사
중급,곱하다,7에 3을 곱하다,동사
중급,곳곳,전국 곳곳,명사
중급,공12,숫자,명사
중급,공간05,을 차지하다,명사
중급,공감,을 얻다,명사
중급,공개02,공개 강좌,명사
중급,공격02,을 받다,명사
중급,공공02,공공 기관,명사
중급,공공요금,이 인상되다,명사
중급,공공장소,를 이용하다,명사
중급,공과금,을 내다,명사
중급,공급02,을 받다,명사
중급,공기06,를 마시다,명사
중급,공기07,에 밥을 담다,명사
중급,공동02,공동 개최,명사
중급,공동체,에 속하다,명사
중급,공사02,신축 공사,명사
중급,공손하다,공손한 태도,형용사
중급,공식01,공식 발표,명사
중급,공업01,이 발달하다,명사
중급,공연02,을 보다,명사
중급,공연장,야외 공연장,명사
중급,공적01,공적 제도,관형사·명사
중급,공주01,왕자,명사
중급,공중전화,공중전화 박스,명사
중급,공지04,를 돌리다,명사
중급,공통,공통 화제,명사
중급,공통점,을 찾다,명사
중급,공포08,를 느끼다,명사
중급,공해01,가 심각하다,명사
중급,과10,과의 직원,명사
중급,과로01,로 쓰러지다,명사
중급,과목02,암기 과목,명사
중급,과소비,를 줄이다,명사
중급,과속,과속 운전,명사
중급,과식01,으로 배탈이 나다,명사
중급,과연01,과연 대단하다,부사
중급,과외,과외 업무,명사
중급,과장06,이 심하다,명사
중급,과장07,으로 승진하다,명사
중급,과정03,을 겪다,명사
중급,과제04,를 해결하다,명사
중급,과학,을 연구하다,명사
중급,과학자,가 되다,명사
중급,과학적,과학적 방법,관형사·명사
중급,-관19,도서관,접사
중급,-관20,가치관,접사
중급,관객,이 모여들다,명사
중급,관계없다,전혀 관계없다,형용사
중급,관계없이,시간에 관계없이,부사
중급,관계있다,밀접하게 관계있다,형용사
중급,관계자,를 만나다,명사
중급,관람,연극,명사
중급,관람객,영화 관람객,명사
중급,관련,이 있다,명사
중급,관리04,학생 관리,명사
중급,관심사,가 다르다,명사
중급,관점02,이 다르다,명사
중급,관찰01,식물 관찰,명사
중급,광경,을 보다,명사
중급,괜히,괜히 이야기하다,부사
중급,괴로움,을 당하다,명사
중급,괴롭다,마음이,형용사
중급,괴롭히다,동생을,동사
중급,굉장하다,공연이,형용사
중급,굉장히,굉장히 좋아하다,부사
중급,교내01,교내 방송,명사
중급,교대01,교대 근무,명사
중급,교류01,문화 교류,명사
중급,교복01,을 입다,명사
중급,교시03,1교시,의존명사
중급,교양02,을 쌓다,명사
중급,교외01,로 나가다,명사
중급,교육비,로 지출하다,명사
중급,교육자,를 배출하다,명사
중급,교장03,초등학교 교장,명사
중급,교재01,학습 교재,명사
중급,교체01,건전지 교체,명사
중급,교통수단,을 이용하다,명사
중급,교통편,을 예약하다,명사
중급,교포02,재일 교포,명사
중급,교훈02,을 얻다,명사
중급,구15,행정 구역,명사
중급,구경거리,가 많다,명사
중급,구르다01,공이,동사
중급,구매02,상품 구매,명사
중급,구멍,을 뚫다,명사
중급,구별02,남녀 구별,명사
중급,구부리다01,허리를,동사
중급,구분06,을 짓다,명사
중급,구석01,한쪽 구석,명사
중급,구성07,구성 인원,명사
중급,구세대,신세대,명사
중급,구속02,이 심하다,명사
중급,구수하다01,맛이,형용사
중급,구역04,금연 구역,명사
중급,구입03,물품 구입,명사
중급,구조05,를 요청하다,명사
중급,구조08,를 바꾸다,명사
중급,구조대02,가 오다,명사
중급,구체적,구체적 성과,관형사·명사
중급,구하다01,일자리를,동사
중급,구하다03,목숨을,동사
중급,국가01,민주 국가,명사
중급,국경일,을 맞다,명사
중급,국기07,를 달다,명사
중급,국내선,으로 갈아타다,명사
중급,국립,국립 미술관,명사
중급,국물,을 떠먹다,명사
중급,국민,국민 소득,명사
중급,국산,을 애용하다,명사
중급,국어01,를 가르치다,명사
중급,국외02,로 수출하다,명사
중급,국제결혼,국제결혼 부부,명사
중급,국제선,으로 갈아타다,명사
중급,국제화,국제화 시대,명사
중급,국화05,가 피다,명사
중급,국회,대한민국 국회,명사
중급,군06,행정 구역,명사
중급,군대03,에 가다,명사
중급,군데,여러 군데,의존명사
중급,군사04,군사 조직,명사
중급,굳어지다,땅이,동사
중급,굳이,굳이 말하다,부사
중급,굴04,을 파다,명사
중급,굶다,밥을,동사
중급,굽,구두의 굽,명사
중급,굽히다,허리를,동사
중급,-권07,투표권,접사
중급,권력02,을 강화하다,명사
중급,권리,를 누리다,명사
중급,권위,를 세우다,명사
중급,권유02,간곡한 권유,명사
중급,권하다,입원을,동사
중급,귀가03,귀가 시간,명사
중급,귀국02,출국,명사
중급,귀신01,이 되다,명사
중급,귀중하다01,귀중한 보석,형용사
중급,귀하,편지,명사/대명사
중급,귀하다,신분이,형용사
중급,규모,가 크다,명사
중급,규정04,을 지키다,명사
중급,규칙적,규칙적 생활,관형사·명사
중급,균형,을 잡다,명사
중급,그나마,그나마 낫다,부사
중급,그네02,를 타다,명사
중급,그녀,사람(3인칭),대명사
중급,그늘,이 지다,명사
중급,그다지,그다지 좋지 않다,부사
중급,그대,를 만나다,대명사
중급,그래도,그리하여도,줄어든 말
중급,그래프,를 그리다,명사
중급,그램,몇 그램,의존명사
중급,그러게,그러게요,부사/감탄사
중급,그러다,−,동사
중급,그럭저럭,그럭저럭 견디다,부사
중급,그런대로,그런대로 괜찮다,부사
중급,그렇지,"그렇지, 바로 그거야",감탄사
중급,그룹01,스터디 그룹,명사
중급,그리01,그리 보내다,부사
중급,그리움,을 느끼다,명사
중급,그림자,가 지다,명사
중급,그림책,을 보다,명사
중급,그만큼,그만큼 남다,부사/명사
중급,그만하다01,공부를,동사
중급,그야말로,그야말로 최고다,부사
중급,그저,그저 웃기만 하다,부사
중급,그제01,그저께,명사/부사
중급,그제야,그제야 끝나다,부사
중급,그중,그중에서 제일,명사
중급,그토록,그토록 아름답다,부사
중급,극복01,위기 극복,명사
중급,극히,극히 드물다,부사
중급,근거,법적 근거,명사
중급,근교,서울 근교,명사
중급,근대03,근대의 사고,명사
중급,근데01,그런데,부사
중급,근래,에 만나다,명사
중급,근로자,를 해고하다,명사
중급,근무,를 마치다,명사
중급,근본,을 밝히다,명사
중급,근본적,근본적 이유,관형사·명사
중급,근심01,이 많다,명사
중급,근육,이 발달하다,명사
중급,긁다,머리를,동사
중급,금05,금요일,명사
중급,금06,황금,명사
중급,금년,금년 여름,명사
중급,금액02,을 지불하다,명사
중급,금연01,금연 좌석,명사
중급,금융,금융 분야,명사
중급,금하다02,출입을,동사
중급,급격히,급격히 감소하다,부사
중급,급속히,급속히 진행되다,부사
중급,급증02,인구 급증,명사
중급,급히,급히 먹다,부사
중급,긋다01,줄을,동사
중급,긍정적,긍정적 태도,관형사·명사
중급,-기43,세탁기,접사
중급,기계06,가 작동하다,명사
중급,기관11,공공 기관,명사
중급,기구14,운동 기구,명사
중급,기념02,결혼 기념,명사
중급,기념일,을 축하하다,명사
중급,기념품,을 받다,명사
중급,기능03,이 다양하다,명사
중급,기다01,아기가,동사
중급,기대03,를 저버리지 않다,명사
중급,기대다01,벽에,동사
중급,기도03,를 올리다,명사
중급,기독교,종교,명사
중급,기둥01,을 세우다,명사
중급,기록02,을 남기다,명사
중급,기반01,을 다지다,명사
중급,기본,을 익히다,명사
중급,기본적,기본적 권리,관형사·명사
중급,기부08,장학금 기부,명사
중급,기사02,버스 기사,명사
중급,기사10,신문 기사,명사
중급,기술01,을 배우다,명사
중급,기술자,를 양성하다,명사
중급,기억력,이 좋다,명사
중급,기업01,을 운영하다,명사
중급,기업가01,가 되다,명사
중급,기여04,를 하다,명사
중급,기운01,이 없다,명사
중급,기울다,액자가,동사
중급,기울이다,몸을,동사
중급,기원05,인류의 기원,명사
중급,기적03,이 일어나다,명사
중급,기존,기존 시설,명사
중급,기준03,을 세우다,명사
중급,기지개,를 켜다,명사
중급,기초06,를 다지다,명사
중급,기타01,기타 등등,명사
중급,기혼02,기혼 여성,명사
중급,기획01,기획 상품,명사
중급,기후05,가 좋다,명사
중급,긴급,긴급 구조,명사
중급,긴팔,을 입다,명사
중급,길가,에 서다,명사
중급,길거리,를 걷다,명사
중급,길다01,머리가,동사
중급,김01,이 나다,명사
중급,깊이01,가 깊다,명사
중급,까다01,껍데기를,동사
중급,까다롭다,조건이,형용사
중급,까닭,을 묻다,명사
중급,까먹다,고구마를,동사
중급,깔끔하다,외모가,형용사
중급,깔다,이불을,동사
중급,깔리다01,이불이,동사
중급,깜깜하다,방이,형용사
중급,깜박하다,등불이,동사
중급,깜빡,깜빡 켜지다,부사
중급,깨01,를 볶다,명사
중급,깨다02,그릇을,동사
중급,깨닫다,의미를,동사
중급,깨뜨리다,거울을,동사
중급,깨물다,사탕을,동사
중급,깨어나다,의식이,동사
중급,깨우다01,잠을,동사
중급,깨지다,유리가,동사
중급,꺼지다01,불이,동사
중급,꺾다,꽃을,동사
중급,껍질,과일 껍질,명사
중급,껴안다,아이를,동사
중급,꼬리01,를 흔들다,명사
중급,꼭02,꼭 누르다,부사
중급,꼭대기,에 오르다,명사
중급,꼼꼼하다,꼼꼼하게 살펴보다,형용사
중급,꼼꼼히,꼼꼼히 살피다,부사
중급,꼼짝,꼼짝 못하다,부사
중급,꼽다01,손가락을,동사
중급,꼽히다01,다섯 손가락 안에,동사
중급,꽂다,열쇠를,동사
중급,꽂히다,꽃이,동사
중급,꽃꽂이,를 배우다,명사
중급,꽃무늬,꽃무늬 커튼,명사
중급,꽃잎,이 지다,명사
중급,꽉,꽉 누르다,부사
중급,꽤01,꽤 멀다,부사
중급,꾸다02,돈을,동사
중급,꾸리다01,이삿짐을,동사
중급,꾸미다,외모를,동사
중급,꾸준하다,꾸준하게 노력하다,형용사
중급,꾸준히,꾸준히 노력하다,부사
중급,꾸중,을 듣다,명사
중급,꿀,을 찍어 먹다,명사
중급,꿇다,무릎을,동사
중급,꿈꾸다,꿈꾸며 자다,동사
중급,꿈속,에서 만나다,명사
중급,끄덕이다,고개를,동사
중급,끈01,을 묶다,명사
중급,끊기다,다리가,동사
중급,끊어지다,줄이,동사
중급,끊임없다,손님이,형용사
중급,끊임없이,끊임없이 이어지다,부사
중급,끌다,신발을,동사
중급,끌리다,바지가,동사
중급,끌어당기다,의자를,동사
중급,끌어안다,아기를,동사
중급,끝내,끝내 모르다,부사
중급,끝없다,욕심이,형용사
중급,끝없이,끝없이 이어지다,부사
중급,끼01,하루 세 끼,명사
중급,끼다02,구름이,동사
중급,끼다03,단추를,동사
중급,끼어들다,틈으로,동사
중급,끼우다01,단추를,동사
중급,끼이다01,틈에,동사
중급,끼치다01,소름이,동사
중급,끼치다02,걱정을,동사
중급,나뉘다,빵이,동사
중급,나란히,나란히 걷다,부사
중급,나르다01,이삿짐을,동사
중급,나름,하기 나름,의존명사
중급,나무라다,실수를,동사
중급,나물01,을 다듬다,명사
중급,나뭇가지,를 꺾다,명사
중급,나뭇잎,을 따다,명사
중급,나비03,곤충,명사
중급,나빠지다,건강이,동사
중급,나서다,거리에,동사
중급,나아가다,거리로,동사
중급,나아지다,건강이,동사
중급,나이프,로 썰다,명사
중급,나타내다,모습을,동사
중급,낙엽,을 태우다,명사
중급,난로01,를 피우다,명사
중급,난리02,를 피하다,명사
중급,난방02,냉방,명사
중급,난처하다,입장이,형용사
중급,날개01,를 펴다,명사
중급,날리다01,눈발이,동사
중급,날리다02,깃발을,동사
중급,날아가다,새가,동사
중급,날아오다,새가,동사
중급,날카롭다,바늘이,형용사
중급,낡다01,옷이,형용사
중급,남02,남자,명사
중급,남04,남쪽,명사
중급,남매,를 두다,명사
중급,남미,에 살다,명사
중급,남부01,남부 지방,명사
중급,남북,을 잇다,명사
중급,낭비,를 막다,명사
중급,낮추다,온도를,동사
중급,낯설다,얼굴이,형용사
중급,낳다01,아기를,동사
중급,내09,기간 내,의존명사
중급,내내01,일 년 내내,부사
중급,내놓다,밖으로,동사
중급,내다보다,창밖을,동사
중급,내달,내달 중순,명사
중급,내려놓다,책을,동사
중급,내려다보다,아래를,동사
중급,내려앉다,나비가,동사
중급,내밀다,손을,동사
중급,내버리다,쓰레기를,동사
중급,내보내다,밖으로,동사
중급,내부04,내부 수리,명사
중급,내성적,내성적 성격,관형사·명사
중급,내세우다,무대에,동사
중급,내외01,건물 내외,명사
중급,내주다,거스름돈을,동사
중급,내쫓다,밖으로,동사
중급,내후년,까지 지속되다,명사
중급,낼모레,내일모레,부사/명사
중급,냉동,을 시키다,명사
중급,냉방,을 하다,명사
중급,냉수,를 마시다,명사
중급,냉정하다01,성격이,형용사
중급,너그럽다,마음이,형용사
중급,너머,산 너머,명사
중급,너무나,너무나 좋다,부사
중급,넉넉하다,시간이,형용사
중급,널다01,빨래를,동사
중급,널리,널리 알려지다,부사
중급,넓어지다,폭이,동사
중급,넓이,를 재다,명사
중급,넓히다,길을,동사
중급,넘겨주다,물건을,동사
중급,넘기다,해를,동사
중급,넘어가다01,막대기가,동사
중급,넘어뜨리다,나무를,동사
중급,넘어서다,산을,동사
중급,넘어오다,나무가,동사
중급,넘치다,강물이,동사
중급,네모,를 그리다,명사
중급,네티즌,으로 활동하다,명사
중급,녀석,나쁜 녀석,의존명사
중급,년대,이천 년대,의존명사
중급,년도,이천 년도,의존명사
중급,노동03,노동 시간,명사
중급,노동자,로 일하다,명사
중급,노랑01,색,명사
중급,노려보다,상대를,동사
중급,노선01,지하철 노선,명사
중급,노선도,버스 노선도,명사
중급,노약자,를 보호하다,명사
중급,노트북,이 고장나다,명사
중급,녹다01,얼음이,동사
중급,녹음03,을 듣다,명사
중급,녹음기,로 녹음하다,명사
중급,녹이다,얼음을,동사
중급,녹화03,방송 녹화,명사
중급,논리,에 맞다,명사
중급,논리적01,논리적 사고,관형사·명사
중급,논의02,를 거치다,명사
중급,논쟁,을 벌이다,명사
중급,놀랍다,위력이,형용사
중급,놀리다01,친구를,동사
중급,놀리다03,신나게,동사
중급,놀이공원,에 가다,명사
중급,놀이터,에서 놀다,명사
중급,농민,이 경작하다,명사
중급,농부01,가 씨를 뿌리다,명사
중급,농사01,를 짓다,명사
중급,농사일,을 돕다,명사
중급,농산물,을 판매하다,명사
중급,농업,에 종사하다,명사
중급,농촌,에서 농사를 짓다,명사
중급,높아지다,파도가,동사
중급,높이다,건물을,동사
중급,높임말,을 쓰다,명사
중급,놓아두다,책상 위에,동사
중급,놓이다,마음이,동사
중급,놓치다,손을,동사
중급,놔두다,탁자 위에,동사
중급,뇌03,뇌 세포,명사
중급,누님,둘째 누님,명사
중급,눈가,에 바르다,명사
중급,눈감다,할아버지께서,동사
중급,눈길01,이 가다,명사
중급,눈동자,가 크다,명사
중급,눈뜨다,아침에,동사
중급,눈병,에 걸리다,명사
중급,눈부시다,조명이,형용사
중급,눈빛01,따뜻한 눈빛,명사
중급,눈사람,을 만들다,명사
중급,눈싸움02,겨울,명사
중급,눈썹,을 그리다,명사
중급,눈앞,에 보이다,명사
중급,눈치,가 없다,명사
중급,눕히다,침대에,동사
중급,느긋하다02,마음이,형용사
중급,느끼하다,튀김이,형용사
중급,늘리다,규모를,동사
중급,늘어나다,사람이,동사
중급,늘어놓다,변명을,동사
중급,늘어서다,차가,동사
중급,늘이다01,고무줄을,동사
중급,늦가을,늦가을의 날씨,명사
중급,늦겨울,이 지나다,명사
중급,늦봄,이 지나다,명사
중급,늦어지다,일이,동사
중급,늦여름,이 지나다,명사
중급,늦잠,을 자다,명사
중급,늦추다,시기를,동사
중급,님01,홍길동 님,의존명사
중급,-님04,선생님,접사
중급,다가가다,문 쪽으로,동사
중급,다가서다,옆으로 바짝,동사
중급,다가오다,우리 쪽으로,동사
중급,다녀가다,집에,동사
중급,다듬다,배추를,동사
중급,다루다01,업무를,동사
중급,다름없다,전과,형용사
중급,다리다01,옷을,동사
중급,다리미,로 옷을 다리다,명사
중급,다만01,다만 ~뿐이다,부사
중급,다물다,입을,동사
중급,다방02,에서 만나다,명사
중급,다소01,다소 빠르다,부사/명사
중급,다수,가 참여하다,명사
중급,다운로드,를 받다,명사
중급,다정01,을 보이다,명사
중급,다지다02,마늘을,동사
중급,다짐,을 받다,명사
중급,다투다,아이들이,동사
중급,다행,으로 생각하다,명사
중급,다행스럽다,다행스럽게 생각하다,형용사
중급,다행히,다행히 찾다,부사
중급,단10,단 하루,관형사
중급,단계03,마무리 단계,명사
중급,단골01,단골 손님,명사
중급,단기09,단기 교육,명사
중급,단단하다,뼈가,형용사
중급,단독02,으로 만나다,명사
중급,단맛,을 느끼다,명사
중급,단발머리,로 자르다,명사
중급,단속01,을 피하다,명사
중급,단순히,단순히 생각하다,부사
중급,단위02,화폐 단위,명사
중급,단점01,을 극복하다,명사
중급,단정하다01,옷차림이,형용사
중급,단지04,단지 ~만으로,부사
중급,단지08,를 조성하다,명사
중급,단체02,에 가입하다,명사
중급,닫히다,창문이,동사
중급,달다03,단추를,동사
중급,달다05,달라고 하다,동사
중급,달라지다,장소가,동사
중급,달래다01,아이를,동사
중급,달러,로 바꾸다,의존명사/명사
중급,달려가다,빠르게 달려가다,동사
중급,달려들다,버스로,동사
중급,달려오다,먼 길을,동사
중급,달리01,달리 보이다,부사
중급,달리다01,단추가,동사
중급,달빛,이 비치다,명사
중급,달성,목표 달성,명사
중급,달아나다,범인이,동사
중급,달콤하다,케이크가,형용사
중급,달하다01,한계에,동사
중급,닳다,신발이,동사
중급,담01,을 쌓다,명사
중급,담03,담 날,명사
중급,담그다,물에,동사
중급,담기다01,음식이 그릇에,동사
중급,담다01,쌀을,동사
중급,담당,담당 부서,명사
중급,담당자,가 처리하다,명사
중급,담백하다,맛이,형용사
중급,담요,를 덮다,명사
중급,담임,을 맡다,명사
중급,답변,을 듣다,명사
중급,닷새,가 걸리다,명사
중급,-당16,시간당,접사
중급,당근,을 먹다,명사
중급,당기다01,의자를,동사
중급,당당하다,태도가,형용사
중급,당분간,당분간 쉬다,명사/부사
중급,당시02,그 당시,명사
중급,당신02,인칭 대명사,대명사
중급,당연하다01,결과가,형용사
중급,당연히01,당연히 다르다,부사
중급,당일,로 다녀오다,명사
중급,당장02,지금 당장,명사
중급,당첨,복권 당첨,명사
중급,당하다01,사기꾼에게,동사
중급,당황02,을 하다,명사
중급,닿다01,손에,동사
중급,대01,가 굵다,명사/의존명사
중급,대-18,대가족,접사
중급,대가06,를 지불하다(물건),명사
중급,대강02,대강 정리하다,명사/부사
중급,대개03,대개의 경우,명사/부사
중급,대규모,대규모 행사,명사
중급,대기07,가 오염되다,명사
중급,대기16,를 시키다,명사
중급,대기업,에 취직하다,명사
중급,대낮,처럼 밝다,명사
중급,대다01,열차 시간에,동사
중급,대다수,가 찬성하다,명사
중급,대단하다,실력이,형용사
중급,대단히,대단히 좋다,부사
중급,대도시,에 살다,명사
중급,대략,대략 설명하다,명사/부사
중급,대량01,으로 생산하다,명사
중급,대로05,로 나서다,명사
중급,대리05,로 참석하다,명사
중급,대립03,이 심하다,명사
중급,대문03,을 열다,명사
중급,대비09,색채 대비,명사
중급,대비10,노후 대비,명사
중급,대사04,직업,명사
중급,대사17,를 외우다,명사
중급,대상11,연구 대상,명사
중급,대상자03,합격 대상자,명사
중급,대신03,나 대신 너,명사
중급,대여섯,대여섯 살,수사·관형사
중급,대응02,법적 대응,명사
중급,대접05,손님 대접,명사
중급,대조10,지문 대조,명사
중급,대중02,과 소통하다,명사
중급,대중가요,를 부르다,명사
중급,대중교통,으로 가다,명사
중급,대중문화,가 발전하다,명사
중급,대책03,을 마련하다,명사
중급,대처04,대처 방안,명사
중급,대청소,집안 대청소,명사
중급,대체03,대체 방안,명사
중급,대체로,대체로 그러하다,부사
중급,대출02,도서 대출,명사
중급,대충01,대충 읽다,부사
중급,대통령,을 뽑다,명사
중급,대표,로 꼽히다,명사
중급,대표적,대표적 작품,관형사·명사
중급,대하다02,얼굴을,동사
중급,대한민국,대한민국 국민,명사
중급,대형04,대형 냉장고,명사
중급,댐02,을 건설하다,명사
중급,더구나01,더구나 덥기까지 하다,부사
중급,더러워지다,옷이,동사
중급,더럽히다,옷을,동사
중급,더불다,더불어 살다,동사
중급,더욱더,더욱더 높아지다,부사
중급,더욱이,더욱이 바람까지 불다,부사
중급,더위,를 피하다,명사
중급,더하다,숫자를,형용사/동사
중급,덕05,이 높다,명사
중급,덕택,부모님 덕택,명사
중급,덜01,덜 익다,부사
중급,덜다01,밥을,동사
중급,덧붙이다,벽지를,동사
중급,덩어리,가 생기다,명사
중급,덮다,이불을,동사
중급,덮이다,뚜껑이,동사
중급,데01,갈 데(장소),의존명사
중급,데다01,불에,동사
중급,데리다,데리고 가다,동사
중급,데우다01,찌개를,동사
중급,데치다,채소를,동사
중급,도11,행정 구역,명사
중급,도구10,청소 도구,명사
중급,도난01,을 당하다,명사
중급,도대체,도대체 얼마 만이니?,부사
중급,도둑01,을 잡다,명사
중급,도로01,도로 오다,부사
중급,도리어,도리어 화를 내다,부사
중급,도마01,에 놓고 썰다,명사
중급,도망02,을 다니다,명사
중급,도망가다,도둑이,동사
중급,도망치다,감옥에서,동사
중급,도무지02,도무지 모르다,부사
중급,도서06,도서 대출,명사
중급,도시락,을 싸다,명사
중급,도심04,에 위치하다,명사
중급,도입,기술 도입,명사
중급,도자기,를 빚다,명사
중급,도장17,을 찍다,명사
중급,도저히,도저히 안 되다,부사
중급,도전04,을 계속하다,명사
중급,도중04,에 끼어들다,명사
중급,독04,이 퍼지다(뱀),명사
중급,독감01,에 걸리다,명사
중급,독립,독립 선언,명사
중급,독신자01,로 살다,명사
중급,독일어,를 가르치다,명사
중급,독자04,독자와 작가,명사
중급,독특하다,취향이,형용사
중급,독하다,냄새가,형용사
중급,돌01,을 맞다,명사/의존명사
중급,돌려받다,책을,동사
중급,돌려보내다,물건을,동사
중급,돌멩이,를 던지다,명사
중급,돌보다,아이를,동사
중급,돌아다니다,거리를,동사
중급,돌아보다,뒤를,동사
중급,돌아서다,마음이,동사
중급,동10,동쪽,명사
중급,동12,행정 구역,명사
중급,동그라미,를 그리다,명사
중급,동그랗다,얼굴이,형용사
중급,동기04,대학 동기,명사
중급,동기06,를 유발하다,명사
중급,동남아,지역,명사
중급,동료,직장 동료,명사
중급,동부05,동부 유럽,명사
중급,동서남북,으로 찾다,명사
중급,동아리02,에 가입하다,명사
중급,동양03,동양 사상,명사
중급,동양인,을 만나다,명사
중급,동영상,을 보다,명사
중급,동요02,를 부르다,명사
중급,동의02,를 구하다,명사
중급,동일02,동일 조건,명사
중급,동작03,이 느리다,명사
중급,동창01,을 만나다,명사
중급,동창회,초등학교 동창회,명사
중급,동포02,재미 동포,명사
중급,동호회,에 가입하다,명사
중급,동화07,를 읽다,명사
중급,동화책,을 읽다,명사
중급,되게,되게 크다,부사
중급,되도록,되도록 빨리,부사
중급,되돌리다,시간을,동사
중급,되돌아가다,집으로,동사
중급,되돌아오다,편지가,동사
중급,되살리다,생명을,동사
중급,되살아나다,입맛이,동사
중급,되찾다,기억을,동사
중급,되풀이01,가 되다,명사
중급,두께01,가 얇다,명사
중급,두뇌,두뇌 발달,명사
중급,두드러지다,이마가,동사
중급,두드리다,문을,동사
중급,두려움,을 극복하다,명사
중급,두려워하다,미래를,동사
중급,두렵다01,후환이,형용사
중급,두르다,목도리를,동사
중급,두리번거리다,주위를,동사
중급,두어,두어 마리,관형사
중급,두통약,을 복용하다,명사
중급,둘러보다,주위를,동사
중급,둘러싸다,포장지를,동사
중급,둘러싸이다,포장지에,동사
중급,둘레,를 재다,명사
중급,둥글다01,지구가,형용사
중급,둥지,를 틀다,명사
중급,뒤늦다,뒤늦게 깨닫다,형용사
중급,뒤따르다,뒤따라 걷다,동사
중급,뒤떨어지다,대열에서 ,동사
중급,뒤지다01,십 미터쯤,동사
중급,뒤지다02,가방을,동사
중급,뒤집다,옷을,동사
중급,뒤편,에 놓다,명사
중급,뒷골목,으로 다니다,명사
중급,뒷모습,을 보이다,명사
중급,뒷문,이 열리다,명사
중급,뒷산,에 오르다,명사
중급,드나들다,차량이,동사
중급,드라이,가 잘 되다(헤어),명사
중급,드라이브,를 나가다,명사
중급,드라이어,로 머리를 말리다,명사
중급,드라이클리닝,을 맡기다,명사
중급,드러나다,사실이,동사
중급,드러내다,몸매를,동사
중급,드레스,를 입다,명사
중급,드물다,사람이,형용사
중급,든든하다,마음이,형용사
중급,듣기,듣기 평가,명사
중급,들려오다,소식이,동사
중급,들려주다,음악을,동사
중급,들리다01,감기에,동사
중급,들리다04,짐이,동사
중급,들어서다,집에,동사
중급,들어주다,부탁을,동사
중급,들여다보다,방 안을,동사
중급,들이다02,손님을,동사
중급,들키다01,거짓말을,동사
중급,등04,일 등,의존명사/명사
중급,등05,"서울, 부산 등",의존명사
중급,등기02,를 이전하다,명사
중급,등록01,신입생 등록,명사
중급,등록금,을 내다,명사
중급,등록증,을 발급받다,명사
중급,등산복,을 입다,명사
중급,등장01,퇴장,명사
중급,디자이너,패션 디자이너,명사
중급,디지털,디지털 방송,명사
중급,따님,둘째 따님,명사
중급,따다01,사과를,동사
중급,따라가다,친구를,동사
중급,따라다니다,졸졸 따라다니다,동사
중급,따라서,−,부사
중급,따라오다,뒤를,동사
중급,따로따로01,따로따로 움직이다,부사
중급,따르다01,뒤를,동사
중급,따르다02,물을,동사
중급,따르릉,따르릉 울리다,부사
중급,따지다01,이유를,동사
중급,딱03,딱 알맞다,부사
중급,딱딱하다01,의자가,형용사
중급,딴03,딴 생각,관형사
중급,땅바닥,에 놓다,명사
중급,땅속,에 묻다,명사
중급,땅콩,을 까먹다,명사
중급,때02,를 밀다,명사
중급,때때로,때때로 변하다,부사
중급,때로,때로는 느끼다,부사
중급,때리다01,종아리를,동사
중급,떠나가다,고향을,동사
중급,떠나오다,고향을,동사
중급,떠오르다,태양이,동사
중급,떠올리다,추억을,동사
중급,떨다01,무서움에,동사
중급,떨리다01,온몸이,동사
중급,떨어뜨리다,바닥에,동사
중급,떼01,를 지어 다니다,명사
중급,떼다01,스티커를,동사
중급,또다시,또다시 반복하다,부사
중급,또한,나 또한,부사
중급,똑똑히,똑똑히 기억하다,부사
중급,똥,을 싸다,명사
중급,뚜껑,을 닫다,명사
중급,뚜렷하다,의식이,형용사
중급,뚫다,구멍을,동사
중급,뚫리다,구멍이,동사
중급,뛰다01,빨리 뛰다,동사
중급,뛰어나다,솜씨가,형용사
중급,뛰어나오다,집 밖으로,동사
중급,뛰어내리다,아래로,동사
중급,뛰어넘다,담을,동사
중급,뛰어놀다,운동장에서,동사
중급,뛰어다니다,집안을,동사
중급,뛰어들다,강물에,동사
중급,뜨다01,달이,동사
중급,뜨다04,물을,동사
중급,뜯다,편지를,동사
중급,뜰01,을 거닐다,명사
중급,뜻대로,뜻대로 되다,부사
중급,뜻밖,뜻밖의 사실,명사
중급,뜻밖에,뜻밖에 나타나다,부사
중급,띄다01,눈에,동사
중급,띠01,를 매다,명사
중급,띠04,돼지띠,명사
중급,띠다01,허리띠를,동사
중급,량05,작업량,명사
중급,레몬,과일,명사
중급,렌즈,를 끼다,명사
중급,렌터카,를 빌리다,명사
중급,-력02,경제력,접사
중급,로그인,을 하다,명사
중급,로봇,로봇 장난감,명사
중급,-료02,통화료,접사
중급,-률04,출생률,접사
중급,리듬,에 맞추다,명사
중급,리모컨,으로 켜다,명사
중급,리본,으로 묶다,명사
중급,리터01,일 리터,의존명사
중급,마구01,마구 때리다,부사
중급,마냥02,마냥 기다리다,부사
중급,마늘,을 까다,명사
중급,마디01,가 굵다,명사
중급,마땅하다,상대가 ,형용사
중급,마땅히,마땅히 해야 하다,부사
중급,마라톤,을 완주하다,명사
중급,마련,학비 마련,명사/의존명사
중급,마루03,에 앉다,명사
중급,마무리,를 짓다,명사
중급,마사지,를 받다,명사
중급,마약,에 중독되다,명사
중급,마우스02,를 누르다,명사
중급,마음가짐,을 가지다,명사
중급,마음껏,마음껏 쓰다,부사
중급,마음대로,마음대로 되다,부사
중급,마음먹다,굳게 마음먹다,동사
중급,마음속,으로 다짐하다,명사
중급,마음씨,가 곱다,명사
중급,마이크,를 잡다,명사
중급,마주01,마주 서다,부사
중급,마주치다,손바닥을,동사
중급,마찬가지,예전과 마찬가지이다,명사
중급,마찰,이 생기다,명사
중급,마치03,마치 천사 같다,부사
중급,마침02,마침 잘 왔다,부사
중급,마침내,마침내 해내다 ,부사
중급,막01,막 출발하다,부사
중급,막02,막 쓰다,부사
중급,막내,로 태어나다,명사
중급,막다01,귀를,동사
중급,막대기01,로 치다,명사
중급,막상01,막상 보니까,부사
중급,막연하다,앞날이,형용사
중급,막차01,를 타다,명사
중급,만07,만 3주,명사/관형사
중급,만남,을 갖다,명사
중급,만만하다01,상대가,형용사
중급,만원01,을 이루다,명사
중급,만점,을 받다,명사
중급,만족01,을 느끼다,명사
중급,만족감,이 들다,명사
중급,만족스럽다,결과가,형용사
중급,만화책,을 보다,명사
중급,많아지다,나이가,동사
중급,말기05,임신 말기,명사
중급,말끔히,말끔히 닦다,부사
중급,말다01,신문을,동사
중급,말다02,국에 밥을,동사
중급,말다툼,이 생기다,명사
중급,말리다02,싸움을,동사
중급,말리다03,빨래를,동사
중급,말없이,말없이 사라지다,부사
중급,말투,가 거칠다,명사
중급,말하기,말하기 평가,명사
중급,맘01,이 좋다,명사
중급,맘껏,맘껏 놀다,부사
중급,맘대로,맘대로 고르다,부사
중급,망가지다,자전거가,동사
중급,망설이다,잠시 망설이다,동사
중급,망치다,일을,동사
중급,망하다,나라가,동사
중급,맞다02,손님을,동사
중급,맞다03,매를,동사
중급,맞벌이,맞벌이 부부,명사
중급,맞서다,적과,동사
중급,맞은편,에 앉다,명사
중급,맞이하다,새해를,동사
중급,맞춤법,에 맞다,명사
중급,맞히다01,정답을,동사
중급,맡기다,수리를,동사
중급,맡다01,업무를,동사
중급,맡다02,냄새를,동사
중급,매01,를 맞다,명사
중급,매달다,문에,동사
중급,매달리다,철봉에 ,동사
중급,매력,을 느끼다,명사
중급,매번,매번 찾다,명사/부사
중급,매운맛,이 나다,명사
중급,매운탕,을 먹다,명사
중급,매장06,을 열다,명사
중급,매점02,을 운영하다,명사
중급,매진03,이 되다,명사
중급,매체,대중 매체,명사
중급,맨01,맨 꼭대기,관형사
중급,맨발,로 걷다,명사
중급,맺다,빗방울이,동사
중급,머리칼,을 자르다,명사
중급,머릿속,에 남아 있다,명사
중급,머무르다,호텔에서,동사
중급,머물다,휴게소에,동사
중급,머뭇거리다,말을,동사
중급,먹고살다,겨우 먹고 살다,동사
중급,먹이,를 주다,명사
중급,먹이다,밥을,동사
중급,먹히다,양이 늑대에게,동사
중급,먼지01,를 닦다,명사
중급,멀미01,가 나다,명사
중급,멀어지다,친구와,동사
중급,멀쩡하다,팔다리가,형용사
중급,멋대로,멋대로 살다,부사
중급,멋지다,경치가,형용사
중급,멍01,이 들다,명사
중급,멍멍01,멍멍 짖다,부사
중급,멎다01,비바람이,동사
중급,메뉴판,에서 고르다,명사
중급,메달02,을 따다,명사
중급,메모지,에 쓰다,명사
중급,메우다02,구멍을,동사
중급,멜로디,가 아름답다,명사
중급,며느리,를 맞다,명사
중급,면05,벽의 면,명사
중급,면담,을 요청하다,명사
중급,면도,를 하다,명사
중급,면적,이 넓다,명사
중급,면접,을 요구하다,명사
중급,면접관,이 질문하다,명사
중급,면하다01,책임을,동사
중급,면허01,를 따다,명사
중급,면허증,을 따다,명사
중급,멸치,를 볶다,명사
중급,명02,작품명,명사
중급,명단01,합격자 명단,명사
중급,명령01,을 내리다,명사
중급,명예01,를 지키다,명사
중급,명함,을 교환하다,명사
중급,명확하다,근거가,형용사
중급,몇몇,몇몇 사람,관형사/수사
중급,모15,김 모 씨,대명사/관형사
중급,모금02,모금 운동,명사
중급,모니터,를 보다,명사
중급,모델,을 개발하다,명사
중급,모래01,모래 사막,명사
중급,모범02,이 되다,명사
중급,모여들다,구름처럼,동사
중급,모자02,가 닮다,명사
중급,모집,학생 모집,명사
중급,모처럼,모처럼 웃다,부사
중급,모험,을 즐기다,명사
중급,목10,목요일,명사
중급,목구멍,이 아프다,명사
중급,목록,을 작성하다,명사
중급,목마르다,덥고 목마르다,형용사
중급,목사05,가 설교하다,명사
중급,목숨,을 지키다 ,명사
중급,목적지,에 도착하다,명사
중급,목표,를 세우다,명사
중급,몫,을 챙기다,명사
중급,몰다01,구석으로,동사
중급,몰라보다,몰라보게 변하다,동사
중급,몰래01,몰래 도망가다,부사
중급,몰려들다,사람들이,동사
중급,몰려오다,피서객들이,동사
중급,몰리다01,구석으로,동사
중급,몸매,가 좋다,명사
중급,몸무게,를 재다,명사
중급,몸살01,이 나다,명사
중급,몸속,몸속의 피,명사
중급,몸짓,을 따라하다,명사
중급,몸통,이 크다,명사
중급,몹시,몹시 춥다,부사
중급,못01,을 박다,명사
중급,못나다,못난 얼굴,형용사
중급,못되다,성격이,형용사
중급,못지않다,전문가 못지 않다,형용사
중급,몽땅01,몽땅 쓰다,부사
중급,묘사02,상황 묘사,명사
중급,무-11,무감각,접사
중급,무관심,이 지나치다,명사
중급,무관하다03,사건과,형용사
중급,무기05,를 소지하다,명사
중급,무너지다,건물이,동사
중급,무늬,를 이루다,명사
중급,무대06,로 나가다,명사
중급,무더위,가 꺾이다,명사
중급,무덤,을 파다,명사
중급,무덥다,날씨가,형용사
중급,무려02,무려 20배이다,부사
중급,무렵,저녁 무렵,의존명사
중급,무리08,가 되다,명사
중급,무사히02,무사히 돌아오다,부사
중급,무서워하다,사람을,동사
중급,무시04,를 당하다,명사
중급,무역02,무역 회사,명사
중급,무용03,을 배우다,명사
중급,무의미,유의미,명사
중급,무조건,무조건 화를 내다,명사/부사
중급,무지개,가 뜨다,명사
중급,무책임,을 비난하다,명사
중급,묵다02,호텔에서,동사
중급,묵묵히,묵묵히 일하다,부사
중급,묶다,끈을,동사
중급,묶이다,끈이,동사
중급,-문11,기행문,접사
중급,문구점,에 가다,명사
중급,문득01,문득 떠오르다,부사
중급,문명03,고대 문명,명사
중급,문방구,에 가다,명사
중급,문법01,을 배우다,명사
중급,문병02,을 가다,명사
중급,문서,를 위조하다,명사
중급,문의03,문의 전화,명사
중급,문자02,문자 메시지,명사
중급,문장02,을 쓰다,명사
중급,문제점,을 해결하다,명사
중급,문학01,을 창작하다,명사
중급,문화재,를 보호하다,명사
중급,문화적,문화적 차이,관형사·명사
중급,묻다01,때가,동사
중급,묻다02,시체를,동사
중급,묻히다01,손에 물을,동사
중급,묻히다02,땅에,동사
중급,-물09,농산물,접사
중급,물가01,에 앉다,명사
중급,물가02,가 비싸다,명사
중급,물감02,으로 색칠하다,명사
중급,물결,이 잔잔하다,명사
중급,물기,가 마르다,명사
중급,물다02,개가,동사
중급,물들다,단풍이,동사
중급,물러나다,뒤로,동사
중급,물러서다,뒤로,동사
중급,물리다02,개에,동사
중급,물소리,가 나다,명사
중급,물속,에서 헤엄치다,명사
중급,물약03,을 마시다,명사
중급,물음01,에 답하다,명사
중급,물질02,을 추구하다,명사
중급,물질적,물질적 보상,관형사·명사
중급,뭉치다,눈을,동사
중급,뭘01,"뭘, 당연히 와야지",감탄사
중급,뮤지컬,을 보다,명사
중급,미국인,을 만나다,명사
중급,미끄럽다,길이,형용사
중급,미니02,미니 자동차,명사
중급,미디어,영상 미디어,명사
중급,미련02,을 버리다,명사
중급,미루다,내일로,동사
중급,미만01,30세 미만,명사
중급,미성년자,미성년자 관람 불가,명사
중급,미소05,를 짓다,명사
중급,미술,을 배우다,명사
중급,미용사,가 되다,명사
중급,미움,이 쌓이다,명사
중급,미인01,미인 대회,명사
중급,미장원,에서 머리를 하다,명사
중급,미지근하다,국물이,형용사
중급,미처,미처 못하다,부사
중급,미치다01,정신이,동사
중급,미치다02,영향을,동사
중급,미팅,을 하다,명사
중급,미혼01,으로 지내다,명사
중급,민속놀이,를 하다,명사
중급,민족,단일 민족,명사
중급,민주주의,를 실현하다,명사
중급,믿음,이 생기다,명사
중급,밀리다01,차가,동사
중급,밀리다02,사람들에게,동사
중급,밀리미터,10밀리미터,의존명사
중급,밉다,태도가,형용사
중급,및,설계 및 시공,부사
중급,밑바닥,이 드러나다,명사
중급,밑줄,을 치다,명사
중급,바03,느낀,의존명사
중급,바가지01,에 담다,명사
중급,바구니,에 담다,명사
중급,바늘,로 꿰매다,명사
중급,바닷물,이 출렁이다,명사
중급,바둑,을 두다,명사
중급,바람02,간절한 바람,명사
중급,바람직하다,자세가,형용사
중급,바래다주다,집에,동사
중급,바로잡다,위치를,동사
중급,바르다03,예의가,형용사
중급,바보,가 되다,명사
중급,바싹01,바싹 마르다,부사
중급,바위01,에 걸터앉다,명사
중급,바치다01,제물을,동사
중급,바퀴01,가 돌다,명사/의존명사
중급,바탕01,을 이루다,명사
중급,박10,1박 2일,의존명사
중급,박다01,못을,동사
중급,박사01,박사 학위,명사
중급,박스,를 열다,명사
중급,박히다,벽에 못이,동사
중급,반값,에 팔다,명사
중급,반기다,친구를,동사
중급,반납02,반납 날짜,명사
중급,반달01,이 뜨다,명사
중급,반대말,을 공부하다,명사
중급,반대쪽,으로 향하다,명사
중급,반말,을 하다,명사
중급,반면02,반면에,명사
중급,반발01,을 사다,명사
중급,반복01,반복 연습,명사
중급,반성01,자기 반성,명사
중급,반영01,이 되다,명사
중급,반응,을 보이다,명사
중급,반장08,을 뽑다,명사
중급,반죽,을 만들다,명사
중급,반짝거리다,보석이,동사
중급,반짝반짝01,반짝반짝 빛나다,부사
중급,반짝이다,눈빛이,동사
중급,반창고,가 떨어지다,명사
중급,반팔,을 입다,명사
중급,반품02,을 요구하다,명사
중급,반하다01,첫눈에,동사
중급,받아들이다,기술을,동사
중급,받침,냄비 받침,명사
중급,발걸음,이 느리다,명사
중급,발견01,새로운 발견,명사
중급,발급,카드 발급,명사
중급,발길,을 돌리다,명사
중급,발꿈치,를 들다,명사
중급,발끝,으로 서다,명사
중급,발달,이 빠르다,명사
중급,발등,을 다치다,명사
중급,발명01,문자의 발명,명사
중급,발목01,을 다치다,명사
중급,발생,사건 발생,명사
중급,발음01,이 좋다,명사
중급,발자국,을 남기다,명사
중급,발전01,경제 발전,명사
중급,발톱,을 깎다,명사
중급,발표01,를 듣다,명사
중급,발표회,음악 발표회,명사
중급,발행01,잡지 발행,명사
중급,밝혀내다,원인을,동사
중급,밝혀지다,빛으로,동사
중급,밝히다,전등을,동사
중급,밟다,브레이크를,동사
중급,밟히다,잔디가,동사
중급,밤02,을 따다,명사
중급,밤낮,으로 일하다,명사/부사
중급,밤늦다,밤늦게 귀가하다,형용사
중급,밤새02,밤새 일하다,명사
중급,밤새다,밤새도록 일하다,동사
중급,밤새우다,밤새워 일하다,동사
중급,밤색,밤색 머리카락,명사
중급,밤중,에 다니다,명사
중급,밥그릇,을 비우다,명사
중급,밥맛,이 좋다,명사
중급,밥솥,에 밥을 하다,명사
중급,방면01,서울 방면,명사
중급,방바닥,에 눕다,명사
중급,방송사,에 근무하다,명사
중급,방식01,생활 방식,명사
중급,방안01,해결 방안,명사
중급,방울01,이 맺히다,명사
중급,방지04,사고 방지,명사
중급,방해01,를 받다,명사
중급,배경01,이 좋다,명사
중급,배고프다,배고프고 목마르다,형용사
중급,배구05,배구 선수,명사
중급,배꼽,을 잡다,명사
중급,배낭01,을 메다,명사
중급,배낭여행,을 떠나다,명사
중급,배다01,냄새가,동사
중급,배려02,세심한 배려,명사
중급,배부르다,배부르게 먹다,형용사
중급,배송04,이 빠르다,명사
중급,배우자02,를 만나다,명사
중급,배웅,을 나가다,명사
중급,배치03,자리 배치,명사
중급,배터리01,를 충전하다,명사
중급,배편,으로 보내다,명사
중급,백08,에 넣다,명사
중급,뱃속,을 모르다,명사
중급,뱉다,침을,동사
중급,버섯02,을 재배하다,명사
중급,버터,를 바르다,명사
중급,버튼,을 누르다,명사
중급,버티다,오기로,동사
중급,번갈다,번갈아 입다,동사
중급,번개01,를 맞다,명사
중급,번거롭다,절차가,형용사
중급,번역,을 하다,명사
중급,번지03,주소,명사
중급,번호표,를 받다,명사
중급,번화하다,거리가,형용사
중급,벌03,에 쏘이다,명사
중급,벌06,을 받다,명사
중급,벌금,을 부과하다,명사
중급,벌떡,벌떡 일어나다,부사
중급,벌레01,를 잡다,명사
중급,벌리다01,간격을,동사
중급,벌어지다01,틈이,동사
중급,벌어지다02,소동이,동사
중급,벌이다,사업을,동사
중급,범위,가 넓다,명사
중급,범인02,을 체포하다,명사
중급,범죄,를 저지르다,명사
중급,법01,을 지키다,명사/의존명사
중급,-법03,교수법,접사
중급,법률,을 위반하다,명사
중급,법원01,에 가다,명사
중급,법적01,조치,관형사·명사
중급,법칙,을 지키다,명사
중급,벗기다02,옷을,동사
중급,벗어나다,시내를,동사
중급,베개,를 베다,명사
중급,베란다,로 나가다,명사
중급,베풀다,연회를,동사
중급,벤치,에 앉다,명사
중급,벨02,을 누르다,명사
중급,벨트,를 매다,명사
중급,벼01,를 베다,명사
중급,벽시계,를 걸다,명사
중급,벽지02,를 바르다,명사
중급,변경04,계획 변경,명사
중급,변덕스럽다,성격이,형용사
중급,변동,이 심하다,명사
중급,변명01,을 늘어놓다,명사
중급,변비01,가 심하다,명사
중급,변화,를 겪다,명사
중급,별02,별 볼 일,관형사
중급,-별04,학년별,접사
중급,별다르다,별다른 방법,형용사
중급,별도01,로 마련하다,명사
중급,별말씀,이 없으시다,명사
중급,별명01,을 짓다,명사
중급,별일,별일 없다,명사
중급,병들다,늙고 병들다,동사
중급,병실02,에 문병을 가다,명사
중급,보고03,를 받다,명사
중급,보고서,를 작성하다,명사
중급,보관01,냉장 보관,명사
중급,보급01,기술 보급,명사
중급,보기01,를 보이다,명사
중급,보너스,를 받다,명사
중급,보도04,신문 보도,명사
중급,보람,을 느끼다,명사
중급,보름01,정월 보름,명사
중급,보름달,이 뜨다,명사
중급,보리01,를 재배하다,명사
중급,보리차,를 마시다,명사
중급,보물04,을 찾다,명사
중급,보살피다,아이들을,동사
중급,보상01,을 받다,명사
중급,보석04,이 반짝이다,명사
중급,보수09,를 받다,명사
중급,보안01,을 유지하다,명사
중급,보완,문제점 보완,명사
중급,보장01,을 받다,명사
중급,보전03,생태계 보전,명사
중급,보조02,를 받다,명사
중급,보존,보존 상태,명사
중급,보충,보충 수업,명사
중급,보행자,보행자 도로,명사
중급,보험,에 가입하다,명사
중급,보호01,를 받다,명사
중급,복12,을 받다,명사
중급,복도04,로 나가다,명사
중급,복사09,문서 복사,명사
중급,복사기02,로 문서를 복사하다,명사
중급,복수03,를 다짐하다,명사
중급,복숭아,를 먹다,명사
중급,복용01,약물 복용,명사
중급,복통,으로 입원하다,명사
중급,볶음,볶음 멸치,명사
중급,본능,에 따르다,명사
중급,본래,부터 다르다,명사/부사
중급,본부03,에서 일하다,명사
중급,본인,본인 명의,명사/대명사
중급,본질02,을 파악하다,명사
중급,볼01,이 통통하다,명사
중급,볼거리01,가 많다,명사
중급,볼링,을 치다,명사
중급,볼일,이 생기다,명사
중급,봉사03,봉사 활동,명사
중급,봉지06,에 넣다,명사
중급,뵈다02,어른을,동사
중급,부15,각 부의 책임자,명사/의존명사
중급,부17,를 누리다,명사
중급,부-20,부정확,접사
중급,부근03,학교 부근,명사
중급,부끄러움,을 타다,명사
중급,부끄러워하다,아이가,동사
중급,부담01,을 하다,명사
중급,부담스럽다,호의가,형용사
중급,부대08,육군 부대,명사
중급,부동산,에 투자하다,명사
중급,부딪치다,손바닥을,동사
중급,부딪히다,차에,동사
중급,부러워하다,성공을,동사
중급,부러지다,뼈가,동사
중급,부리다02,멋을,동사
중급,부모01,를 공경하다,명사
중급,부문06,경제 부문,명사
중급,부분적,부분적 차이,관형사·명사
중급,부상05,을 당하다,명사
중급,부서12,를 옮기다,명사
중급,부서지다,문이,동사
중급,부수다,유리창을,동사
중급,부위04,상처 부위,명사
중급,부인04,중년 부인,명사
중급,부자03,가 닮다,명사
중급,부작용,이 생기다,명사
중급,부잣집,으리으리한 부잣집,명사
중급,부정02,을 저지르다,명사
중급,부정10,긍정,명사
중급,부정적,부정적 태도,관형사·명사
중급,부정확,발음의 부정확,명사
중급,부족05,을 지배하다,명사
중급,부주의,운전 부주의,명사
중급,부지런히,부지런히 일하다,부사
중급,부채01,를 부치다,명사
중급,부처01,를 따르다,명사
중급,부츠,를 신다,명사
중급,부친,모친,명사
중급,부품,을 생산하다,명사
중급,북06,으로 향하다,명사
중급,북미,북미 지역,명사
중급,북부01,북부 지방,명사
중급,분노,가 폭발하다,명사
중급,분단03,국토 분단,명사
중급,분량,을 조절하다,명사
중급,분류03,분류 기준,명사
중급,분리04,쓰레기 분리 수거,명사
중급,분명01,분명 맞다,부사
중급,분명히,분명히 들리다,부사
중급,분석02,원인 분석,명사
중급,분수05,를 모르다,명사
중급,분수11,를 내뿜다,명사
중급,분실02,분실 사고,명사
중급,분실물,을 찾다,명사
중급,분야,경제 분야,명사
중급,분포02,인구의 분포,명사
중급,분필03,로 쓰다,명사
중급,불-15,불가능,접사
중급,불가01,청소년 입장 불가,명사
중급,불가능,이 없다,명사
중급,불가피하다,선택이,형용사
중급,불교,를 믿다,명사
중급,불구하다02,그럼에도 불구하고,동사
중급,불규칙,규칙,명사
중급,불균형,이 심해지다,명사
중급,불꽃01,이 일어나다,명사
중급,불러일으키다,관심을,동사
중급,불리01,유리,명사
중급,불리다07,물에,동사
중급,불만,을 품다,명사
중급,불만족,을 나타내다,명사
중급,불만족스럽다,표정이,형용사
중급,불법01,불법 주차,명사
중급,불빛,이 비치다,명사
중급,불어03,로 말하다,명사
중급,불어오다,바람이,동사
중급,불완전,완전,명사
중급,불이익,을 당하다,명사
중급,불충분,충분,명사
중급,불친절,친절,명사
중급,불쾌,를 느끼다,명사
중급,불평01,을 늘어놓다,명사
중급,불평등,을 낳다,명사
중급,불필요,필요,명사
중급,불행,을 느끼다,명사
중급,불확실,확실,명사
중급,붐비다,사람들로,동사
중급,붓다01,얼굴이,동사
중급,붓다02,물을,동사
중급,붙들다,팔을,동사
중급,붙잡다,치맛자락을,동사
중급,붙잡히다,범인이,동사
중급,뷔페,에서 밥을 먹다,명사
중급,비-32,비공식,접사
중급,-비33,휴가비,접사
중급,비결03,을 공개하다,명사
중급,비교적,비교적 가깝다,부사/관형사·명사
중급,비극,이 일어나다,명사
중급,비기다01,동점으로,동사
중급,비난,을 받다,명사
중급,비닐,로 싸다,명사
중급,비로소,비로소 깨닫다,부사
중급,비록01,비록 가난하지만,부사
중급,비롯되다,경험에서,동사
중급,비롯하다,비롯한 일,동사
중급,비만01,을 치료하다,명사
중급,비명02,을 지르다,명사
중급,비밀번호,를 누르다,명사
중급,비바람,이 치다,명사
중급,비법02,을 알려 주다,명사
중급,비비다,눈을,동사
중급,비상01,비상 대책,명사
중급,비상구,로 대피하다,명사
중급,비용03,이 들다,명사
중급,비우다01,그릇을,동사
중급,비웃다,남의 의견을,동사
중급,비유01,를 들다,명사
중급,비율02,이 낮다,명사
중급,비자08,를 신청하다,명사
중급,비중01,이 높다,명사
중급,비추다,달빛이,동사
중급,비치다01,햇빛이,동사
중급,비키다,자리를,동사
중급,비타민,을 섭취하다,명사
중급,비틀거리다,비틀거리며 걷다,동사
중급,비판01,을 가하다,명사
중급,비판적,비판적 사고,관형사·명사
중급,비하다,비할 수 없다,동사
중급,비행03,야간 비행,명사
중급,비행장,에 착륙하다,명사
중급,빈자리,에 앉다,명사
중급,빌다01,소원을,동사
중급,빗01,으로 빗다,명사
중급,빗길,에 미끄러지다,명사
중급,빗다02,머리를,동사
중급,빗물,이 흐르다,명사
중급,빗방울,이 떨어지다,명사
중급,빚,을 갚다,명사
중급,빚다,도자기를,동사
중급,빛,이 나다,명사
중급,빛깔,이 곱다,명사
중급,빛나다,별빛이,동사
중급,빠뜨리다,바다에,동사
중급,빠져나가다,감옥에서,동사
중급,빠져나오다,몰래 빠져나오다,동사
중급,빠지다01,앞니가,동사
중급,빠짐없이,빠짐없이 참석하다,부사
중급,빠트리다,물에,동사
중급,빨강,으로 칠하다,명사
중급,빨개지다,얼굴이,동사
중급,빨다01,빨대로,동사
중급,빼놓다,전구를,동사
중급,빼앗기다,재산을,동사
중급,빼앗다,돈을,동사
중급,뺏다,돈을,동사
중급,뺨,을 때리다,명사
중급,뻗다,가지가,동사
중급,뼈,가 굵다,명사
중급,뽀뽀,를 하다,명사
중급,뽑히다,머리카락이,동사
중급,뿌리,를 자르다,명사
중급,뿌리다,빗방울이,동사
중급,뿌리치다,손을,동사
중급,삐다02,발목을,동사
중급,-사37,변호사,접사
중급,-사41,신문사,접사
중급,-사42,요리사,접사
중급,사건01,이 발생하다,명사
중급,사고방식,이 다르다,명사
중급,사과08,를 하다,명사
중급,사교적,사교적 성격,관형사·명사
중급,사기25,를 치다,명사
중급,사나이,씩씩한 사나이,명사
중급,사내01,사내 녀석,명사
중급,사냥,을 하다,명사
중급,사들이다,토지를,동사
중급,사라지다,회사가,동사
중급,사랑스럽다,아이가,형용사
중급,사례05,를 들다,명사
중급,사로잡다,마음을,동사
중급,사립04,사립 학교,명사
중급,사막04,사막 지역,명사
중급,사망04,사망 소식,명사
중급,사무05,를 보다,명사
중급,사무소,를 열다,명사
중급,사무직,에 종사하다,명사
중급,사물10,을 보다,명사
중급,사방03,을 둘러보다,명사
중급,사상01,사상 최초,명사
중급,사생활,을 간섭하다,명사
중급,사설04,을 읽다,명사
중급,사소하다01,문제가,형용사
중급,사업가,로 성공하다,명사
중급,사업자,사업자 등록,명사
중급,사연04,이 복잡하다,명사
중급,사용료,휴대폰 사용료,명사
중급,사용법,을 설명하다,명사
중급,사용자,를 모집하다,명사
중급,사우나,를 하다,명사
중급,사위01,를 보다,명사
중급,사이버,사이버 공간,명사
중급,사이좋다,사이좋게 지내다,형용사
중급,사이트,에 접속하다,명사
중급,사인14,을 하다,동사
중급,사자11,동물,명사
중급,사적02,사적 생활,관형사·명사
중급,사전12,을 찾다,명사
중급,사전13,사전 준비,명사
중급,사정07,이 좋다,명사
중급,사진관,에서 사진을 찍다,명사
중급,사진첩,에 사진을 끼우다,명사
중급,사촌,사촌 언니,명사
중급,사춘기,를 맞다,명사
중급,사태06,를 해결하다,명사
중급,사투리,로 말하다,명사
중급,사표07,를 내다,명사
중급,사항02,주의 사항,명사
중급,사회07,상류 사회,명사
중급,사회생활,에 적응하다,명사
중급,사회자,가 진행하다,명사
중급,사회적,사회적 문제,관형사·명사
중급,삭제01,파일 삭제,명사
중급,산길02,을 오르다,명사
중급,산꼭대기,에 오르다,명사
중급,산불02,이 나다,명사
중급,산속,을 헤매다,명사
중급,산업,자동차 산업,명사
중급,살리다,목숨을,동사
중급,살림01,을 차리다,명사
중급,살아가다,하루하루 살아가다,동사
중급,살아나다,겨우 살아나다,동사
중급,살아남다,전쟁에서,동사
중급,살아오다,간신히 살아오다,동사
중급,살인,을 저지르다,명사
중급,살짝01,살짝 빠져나가다,부사
중급,살찌다,몸이,동사
중급,살펴보다,주위를,동사
중급,살피다01,주위를,동사
중급,삶,을 누리다,명사
중급,삶다,국수를,동사
중급,삼다02,며느리로,동사
중급,삼키다,침을,동사
중급,상02,으로 매기다,명사
중급,상04,을 차리다,명사
중급,상가07,에서 사다,명사
중급,상관03,이 없다,명사
중급,상관없다,상관없는 문제,형용사
중급,상관없이,나이에 상관없이,부사
중급,상금04,을 받다,명사
중급,상담01,을 받다,명사
중급,상담실,고객 상담실,명사
중급,상담원,으로 일하다,명사
중급,상당하다02,실력이,형용사
중급,상당히,상당히 잘하다,부사
중급,상대04,를 대하다,명사
중급,상대방02,을 바라보다,명사
중급,상대적,상대적 평가,관형사·명사
중급,상대편,을 이해하다,명사
중급,상류,에서 떠내려오다,명사
중급,상반기,상반기 소득,명사
중급,상사05,직장 상사,명사
중급,상상07,을 뛰어넘다,명사
중급,상상력01,이 풍부하다,명사
중급,상승01,물가 상승,명사
중급,상식06,에 어긋나다,명사
중급,상업02,에 종사하다,명사
중급,상영01,영화 상영,명사
중급,상점,을 운영하다,명사
중급,상징,이 되다,명사
중급,상쾌하다,마음이,형용사
중급,상태01,를 점검하다,명사
중급,상하01,를 바꾸다,명사
중급,상하다02,음식이,동사
중급,상황02,이 불리하다,명사
중급,새01,하루 새,명사
중급,새기다01,도장을,동사
중급,새끼02,를 낳다,명사
중급,새다01,비가,동사
중급,새다02,날이,동사
중급,새로이,새로이 시작하다,부사
중급,새삼01,새삼 느끼다,부사
중급,새엄마,를 맞이하다,명사
중급,새우02,를 먹다,명사
중급,새우다01,밤을,동사
중급,새집01,으로 이사하다,명사
중급,색다르다,기분이,형용사
중급,샌들,을 신다,명사
중급,-생07,1985년생,접사
중급,-생08,실습생,접사
중급,생겨나다,문제가,동사
중급,생기01,가 넘치다,명사
중급,생김새,가 예쁘다,명사
중급,생년월일,을 기록하다,명사
중급,생략,을 하다,명사
중급,생머리02,를 빗다,명사
중급,생명,을 건지다,명사
중급,생방송,으로 방영되다,명사
중급,생산,대량 생산,명사
중급,생생하다,기억이,형용사
중급,생존,을 위협하다,명사
중급,생활비,를 벌다,명사
중급,생활용품,을 구입하다,명사
중급,샴푸,로 머리를 감다,명사
중급,서06,로 이동하다,명사
중급,서넛,서넛이랑,수사
중급,서늘하다,밤공기가,형용사
중급,서럽다,마음이,형용사
중급,서명03,을 받다,명사
중급,서부01,서부 지역,명사
중급,서서히,서서히 나타나다,부사
중급,서양인,동양인,명사
중급,서운하다,마음이,형용사
중급,서적02,을 읽다,명사
중급,서투르다,영어가,형용사
중급,서툴다,영어가,형용사
중급,석유01,석유 산업,명사
중급,섞이다,냄새가,동사
중급,선14,을 긋다,명사
중급,선거04,대통령 선거,명사
중급,선글라스,를 끼다,명사
중급,선약02,이 있다,명사
중급,선전03,을 보다,명사
중급,선정07,수상자 선정,명사
중급,선진03,선진 국가,명사
중급,선진국,으로 성장하다,명사
중급,선호03,선호 직업,명사
중급,설01,을 맞이하다,명사
중급,설득,을 당하다,명사
중급,설레다,가슴이,동사
중급,설립02,회사 설립,명사
중급,설마01,설마 진심은 아니지?,부사
중급,설명서,를 읽다,명사
중급,설문01,에 답하다,명사
중급,설문지,를 작성하다,명사
중급,설사01,가 멈추다,명사
중급,설정02,상황 설정,명사
중급,설치02,인터넷 설치,명사
중급,섭씨,섭씨 영 도,명사
중급,-성17,인간성,접사
중급,성공적,성공적 삶,관형사·명사
중급,성과01,를 올리다,명사
중급,성당03,에 다니다,명사
중급,성립,성립 조건,동사
중급,성명03,을 부르다,명사
중급,성별01,을 구분하다,명사
중급,성숙,이 늦다,명사
중급,성실02,불성실,명사
중급,성인01,성인 여성,명사
중급,성장01,이 멈추다,명사
중급,성적표,를 받다,명사
중급,성질,이 못되다,명사
중급,세계적,세계적 예술가,관형사·명사
중급,세계화,세계화 시대,명사
중급,세금01,을 내다,명사
중급,세기03,21세기,명사
중급,세다02,수를,동사
중급,세대02,가 다르다,명사
중급,세대03,가 줄다,명사
중급,세력,을 확장하다,명사
중급,세련되다,옷차림이,형용사
중급,세로01,가로,명사
중급,세모01,를 만들다,명사
중급,세미나,를 열다,명사
중급,세월02,이 흐르다,명사
중급,세일,세일 가격,명사
중급,세제04,로 닦아내다,명사
중급,세차01,자동 세차,명사
중급,세탁물,을 맡기다,명사
중급,세트,로 구입하다,명사
중급,센티,1센티,의존명사
중급,셔츠,를 입다,명사
중급,소-22,소규모,접사
중급,-소23,연구소,접사
중급,소감02,을 말하다,명사
중급,소개팅,에서 만나다,명사
중급,소규모,소규모 집단,명사
중급,소극장,에서 공연하다,명사
중급,소극적,소극적 성격,관형사
중급,소금물,에 절이다,명사
중급,소나기01,가 내리다,명사
중급,소나무,가 무성하다,명사
중급,소녀02,어린 소녀,명사
중급,소년01,소년 시절,명사
중급,소독04,상처 소독,명사
중급,소독약,을 바르다,명사
중급,소득,이 많다,명사
중급,소리치다,크게 소리치다,동사
중급,소망03,을 이루다,명사
중급,소매01,가 길다,명사
중급,소문02,이 돌다,명사
중급,소문나다,사업가로,동사
중급,소방관,이 출동하다,명사
중급,소방서,에 신고하다,명사
중급,소방차,가 출동하다,명사
중급,소변01,이 마렵다,명사
중급,소비05,가 늘다,명사
중급,소비자,소비자 물가,명사
중급,소설가,로 알려지다,명사
중급,소설책,을 읽다,명사
중급,소수08,에 불과하다,명사
중급,소스01,를 뿌리다,명사
중급,소시지,를 먹다,명사
중급,소아과,에서 진찰 받다,명사
중급,소요02,소요 시간,명사
중급,소용07,이 없다,명사
중급,소용없다,아무 소용없다,형용사
중급,소원04,을 빌다,명사
중급,소유03,개인 소유,명사
중급,소음06,을 줄이다,명사
중급,소재05,소재로 삼다,명사
중급,소중히,소중히 여기다,부사
중급,소지품,을 보관하다,명사
중급,소형03,소형 자동차,명사
중급,소홀하다,일에,형용사
중급,소화06,를 돕다,명사
중급,속눈썹,이 길다,명사
중급,속다01,거짓말에,동사
중급,속담,을 인용하다,명사
중급,속마음,을 털어 놓다,명사
중급,속상하다02,마음이,형용사
중급,속이다,친구를,동사
중급,속하다02,모임에,동사
중급,손가방,을 들다,명사
중급,손길,을 내밀다,명사
중급,손끝,에 닿다,명사
중급,손등01,으로 닦다,명사
중급,손목,에 시계를 차다,명사
중급,손목시계,를 차다,명사
중급,손발,이 저리다,명사
중급,손뼉,을 치다,명사
중급,손쉽다,손쉽게 끝내다,형용사
중급,손자01,를 돌보다,명사
중급,손잡다,서로 손잡다,동사
중급,손잡이,를 잡다,명사
중급,손질,머리 손질,명사
중급,손톱01,을 깎다,명사
중급,손해,를 입히다,명사
중급,솔직하다,성격이,형용사
중급,솔직히,솔직히 말하다,부사
중급,솜씨,가 좋다,명사
중급,솟다01,물가가,동사
중급,송별회,를 열다,명사
중급,송아지,를 키우다,명사
중급,송이01,가 맺히다,명사
중급,쇠01,가 녹슬다,명사
중급,쇠고기,를 굽다,명사
중급,쇼02,를 보다,명사
중급,쇼핑몰,을 운영하다,명사
중급,쇼핑센터,에서 사다,명사
중급,수07,수요일,명사
중급,수년02,이 흐르다,명사
중급,수다01,를 떨다,명사
중급,수단01,이 좋다,명사
중급,수도05,수도를 놓다,명사
중급,수도09,를 정하다,명사
중급,수도권,에 거주하다,명사
중급,수도꼭지,를 잠그다,명사
중급,수돗물,을 마시다,명사
중급,수동적02,수동적 자세,관형사·명사
중급,수량05,이 모자라다,명사
중급,수리14,를 맡기다,명사
중급,수리비,를 내다,명사
중급,수만,수만 원,수사·관형사
중급,수많다,수많은 사람,형용사
중급,수면07,을 방해하다,명사
중급,수면제,를 먹다,명사
중급,수명05,이 길다,명사
중급,수백04,수백 마리,수사·관형사
중급,수사18,경찰 수가,명사
중급,수상09,으로 뽑히다,명사
중급,수선13,을 맡기다,명사
중급,수속01,을 밟다,명사
중급,수수께끼,를 풀다,명사
중급,수수료,를 내다,명사
중급,수시로,수시로 열다,부사
중급,수십,수십 개,수사·관형사
중급,수없이,수없이 많다,부사
중급,수요06,가 늘다,명사
중급,수용06,조건 수용,명사
중급,수입01,이 많다,명사
중급,수입02,수출,명사
중급,수입품02,수출품,명사
중급,수정09,계획 수정,명사
중급,수준,이 높다,명사
중급,수집02,우표 수집,명사
중급,수천07,수천 명,수사·관형사
중급,수출03,수입,명사
중급,수표01,를 발행하다,명사
중급,수학05,을 가르치다,명사
중급,수행02,업무 수행,명사
중급,숙녀,로 자라다,명사
중급,숙박,숙박 시설,명사
중급,숙박비,를 지불하다,명사
중급,숙소02,에 머물다,명사
중급,숙이다,고개를,동사
중급,순간03,순간 놀라다,명사
중급,순간적,순간적 느낌,관형사·명사
중급,순수하다02,마음이,형용사
중급,순식간,순식간에 사라지다,명사
중급,순위,를 정하다,명사
중급,순진하다01,어린아이처럼,형용사
중급,순하다02,사람이,형용사
중급,술병02,을 비우다,명사
중급,술자리,에 모이다,명사
중급,술잔,을 돌리다,명사
중급,숨01,을 쉬다,명사
중급,숨기다,물건을,동사
중급,숨다01,산 속으로,동사
중급,숨소리,가 고르다,명사
중급,숨지다,사고로,동사
중급,숲01,이 우거지다,명사
중급,쉬다02,목이,동사
중급,쉿,쉿! 조용히 해 봐,감탄사
중급,슈퍼,에서 사다,명사
중급,스님,을 모시다,명사
중급,-스럽다,자랑스럽다,접사
중급,스무째,스무째 날,수사·관형사/명사
중급,스위치,를 켜다,명사
중급,스치다01,옷깃이,동사
중급,스커트,를 입다,명사
중급,스케줄,을 짜다,명사
중급,스타일,머리의,명사
중급,스타킹,을 신다,명사
중급,스튜디오,녹음 스튜디오,명사
중급,슬리퍼,를 신다,명사
중급,슬쩍,슬쩍 묻다,부사
중급,습기02,를 제거하다,명사
중급,습도,가 높다,명사
중급,습하다01,공기가,형용사
중급,승객,을 태우다,명사
중급,승낙,을 받다,명사
중급,승리,를 얻다,명사
중급,승무원,비행기 승무원,명사
중급,승용차,를 운전하다,명사
중급,승진03,승진 시험,명사
중급,승차02,승차 거부,명사
중급,승차권,을 끊다,명사
중급,승패02,를 가르다,명사
중급,시13,를 읽다,명사
중급,시각03,일출 시각,명사
중급,시각04,여성의 시각,명사
중급,시금치,를 무치다,명사
중급,시기04,등록 시기,명사
중급,시내버스,를 타다,명사
중급,시달리다,업무에,동사
중급,시대02,조선 시대,명사
중급,시댁,에 가다,명사
중급,시도07,가 성공하다,명사
중급,시들다,꽃이,동사
중급,시디01,를 굽다,명사
중급,시력01,이 좋다,명사
중급,시리즈,로 방영되다,명사
중급,시멘트,가 굳다,명사
중급,시부모,에게 효도하다,명사
중급,시선03,이 마주치다,명사
중급,시설03,에 투자하다,명사
중급,시스템,을 개선하다,명사
중급,시아버지,를 모시다,명사
중급,시야03,를 가리다,명사
중급,시외01,로 나가다,명사
중급,시외버스,를 타다,명사
중급,시인10,여류 시인,명사
중급,시일04,이 걸리다,명사
중급,시장03,을 뽑다,명사
중급,시절01,어린 시절,명사
중급,시점02,에 이르다,명사
중급,시중03,시중 가격,명사
중급,시집01,시집 식구,명사
중급,시집03,을 읽다,명사
중급,시집가다,부잣집에,동사
중급,시청03,텔레비전 시청,명사
중급,시청률,이 높다,명사
중급,시청자,에게 전달하다,명사
중급,시합01,에서 이기다,명사
중급,시행01,시행 예정,명사
중급,시험지,를 채점하다,명사
중급,식기01,를 씻다,명사
중급,식당가,에서 먹다,명사
중급,식량03,을 구하다,명사
중급,식료품,을 사다,명사
중급,식물02,을 기르다,명사
중급,식비02,를 내다,명사
중급,식사량,을 줄이다,명사
중급,식욕,이 떨어지다,명사
중급,식용유,에 튀기다,명사
중급,식중독,에 걸리다,명사
중급,식품점,에서 사다,명사
중급,식후02,식후 30분,명사
중급,식히다,차를,동사
중급,신01,을 신다,명사
중급,신02,이 나다,명사
중급,신-15,신세계,접사
중급,신경04,을 다치다,명사
중급,신고01,분실물 신고,명사
중급,신기하다01,마술이,형용사
중급,신나다,나들이에 ,동사
중급,신념01,을 지키다,명사
중급,신뢰02,를 잃다,명사
중급,신맛,이 나다,명사
중급,신문사,에 다니다,명사
중급,신문지,에 싸다,명사
중급,신부04,가톨릭,명사
중급,신분02,에 맞다,명사
중급,신비02,우주의,명사
중급,신사16,숙녀,명사
중급,신상품,을 내놓다,명사
중급,신세02,를 망치다,명사
중급,신세대,신세대 문화,명사
중급,신앙,이 깊다,명사
중급,신용01,을 잃다,명사
중급,신입03,신입 사원,명사
중급,신입생,을 모집하다,명사
중급,신제품,이 나오다,명사
중급,신중04,을 기하다,명사
중급,신청서,를 접수하다,명사
중급,신체02,가 튼튼하다,명사
중급,신체적,신체적 기능,관형사·명사
중급,신혼04,신혼 생활,명사
중급,신혼부부,예비 신혼부부,명사
중급,신화04,단군 신화,명사
중급,실01,로 묶다,명사
중급,실감,이 나다,명사
중급,실내,로 들어가다,명사
중급,실력02,이 뛰어나다,명사
중급,실례02,를 들다,명사
중급,실리다01,배에,동사
중급,실망02,이 크다,명사
중급,실습,을 나가다,명사
중급,실시03,훈련 실시,명사
중급,실업01,실업 위기,명사
중급,실용적,실용적 기술,관형사·명사
중급,실은,실은 그렇지 않다,부사
중급,실장,으로 승진하다,명사
중급,실제02,실제 일어나다,부사/명사
중급,실제로,실제로 일어나다,부사
중급,실종,실종 사건,명사
중급,실천01,에 옮기다,명사
중급,실체02,를 보다,명사
중급,실컷,실컷 놀다,부사
중급,실험,을 하다,명사
중급,실현,꿈의 실현,명사
중급,싫증,이 나다,명사
중급,-심09,배려심,접사
중급,심각하다02,문제가,형용사
중급,심리01,를 나타내다,명사
중급,심리적,심리적 변화,관형사·명사
중급,심부름,을 보내다,명사
중급,심사08,를 받다,명사
중급,심장02,이 뛰다,명사
중급,심정01,이 답답하다,명사
중급,심지어,심지어 ~까지도,부사
중급,심판02,법의 심판,명사
중급,십상02,십상 알맞다,명사/부사
중급,싱싱하다,야채가,형용사
중급,싸구려,싸구려 화장품,명사
중급,싸다02,오줌을,동사
중급,싸움,이 나다,명사
중급,싸이다01,보자기에,동사
중급,싼값,에 팔다,명사
중급,쌍02,쌍으로 묶다,명사
중급,쌍둥이,를 키우다,명사
중급,쌓이다,책들이,동사
중급,썩01,썩 잘한다,부사
중급,썩다,고기가,동사
중급,썰렁하다,날씨가,형용사
중급,쏘다01,총을,동사
중급,쏟다,기름을,동사
중급,쏟아지다,물이,동사
중급,쐬다01,바람을,동사
중급,쑤시다01,몸이,동사
중급,쑥스럽다,표정이,형용사
중급,쓰기,쓰기 평가,명사
중급,쓰다듬다,머리를,동사
중급,쓰러지다,나무가,동사
중급,쓰이다01,칠판에,동사
중급,쓰이다03,저울이,동사
중급,쓴맛,이 나다,명사
중급,쓸다02,낙엽을,동사
중급,쓸데없다,물건이,형용사
중급,쓸데없이,쓸데없이 돈을 쓰다,부사
중급,쓸쓸하다,마음이,형용사
중급,씌우다01,모자를,동사
중급,씨01,를 뿌리다,명사
중급,씨름,씨름 경기,명사
중급,씨앗,을 뿌리다,명사
중급,-씩03,조금씩,접사
중급,씩씩하다02,씩씩한 사람,형용사
중급,씻기다01,비에,동사
중급,씻기다02,아이를,동사
중급,아가01,가 울다,명사
중급,아깝다,돈이,형용사
중급,아끼다,돈을,동사
중급,아냐,아냐. 괜찮아,감탄사
중급,아동02,의 성장,명사
중급,아드님,첫째 아드님,명사
중급,아래층,으로 내려가다,명사
중급,아랫사람,의 도리,명사
중급,아랫집,에 내려가다,명사
중급,아마도,아마도 -을 것이다,부사
중급,아무개,아무개 씨,대명사
중급,아무래도,아무래도 이상하다,부사
중급,아무런,−,관형사
중급,아무렇다,미래가 아무렇든,형용사
중급,아무튼,"아무튼, 다행이다.",부사
중급,아쉬움,이 남다,명사
중급,아쉽다,작별이,형용사
중급,아시아,아시아 대륙,명사
중급,아예,아예 안 하다,부사
중급,아울러,실력과 아울러 미모도,부사
중급,아이02,"아이, 나도 바쁜데",감탄사
중급,아이고,"아이고, 시끄러워",감탄사
중급,아이디어,를 내다,명사
중급,아침밥,을 먹다,명사
중급,아침저녁,아침저녁으로 만나다,명사
중급,아프리카,아프리카 대륙,명사
중급,아픔,육신의 아픔,명사
중급,아하,"아하, 그렇구나",감탄사
중급,아홉째,아홉째 날,수사·관형사/명사
중급,악몽,을 꾸다,명사
중급,악수06,를 하다,명사
중급,악취01,가 나다,명사
중급,악화01,갈등 악화,명사
중급,안과02,에서 치료를 받다,명사
중급,안기다01,아기가,동사
중급,안기다02,꽃다발을,동사
중급,안내서,를 읽다,명사
중급,안내소,에 들르다,명사
중급,안내원,을 따라가다,명사
중급,안내판,을 세우다,명사
중급,안되다02,형편이,형용사
중급,안방02,에서 자다,명사
중급,안부01,를 묻다,명사
중급,안색,이 나쁘다,명사
중급,안심04,이 되다,명사
중급,안약,을 넣다,명사
중급,안전띠,를 매다,명사
중급,안정01,을 유지하다,명사
중급,안주04,를 먹다,명사
중급,안타까워하다,죽음을,동사
중급,안타깝다,마음이,형용사
중급,안팎,나라 안팎,명사
중급,앉히다,자리에,동사
중급,않다,세수를,동사
중급,알01,에서 깨다,명사
중급,알레르기,를 일으키다,명사
중급,알려지다,사실이,동사
중급,알아내다,사실을,동사
중급,알아듣다,말귀를,동사
중급,알아맞히다,답을,동사
중급,알아주다,마음을,동사
중급,알차다,내용이,형용사
중급,앓다,감기를,동사
중급,암08,에 걸리다,명사
중급,암기02,암기 과목,명사
중급,압력,이 높다,명사
중급,앗01,앗! 깜짝이야.,감탄사
중급,앞길01,을 건너다,명사
중급,앞날,을 기약하다,명사
중급,앞두다,시험을,동사
중급,앞뒤,를 돌아보다,명사
중급,앞머리,를 기르다,명사
중급,앞바다,로 나가다,명사
중급,앞서,앞서 도착하다,부사
중급,앞서다,앞서서 걷다,동사
중급,앞세우다,반장을,동사
중급,앞장서다,앞장서 가다,동사
중급,앞집,에 살다,명사
중급,애01,를 태우다,명사
중급,애기01,를 낳다,명사
중급,애쓰다,도우려고,동사
중급,애완동물,을 기르다,명사
중급,애정02,을 가지다,명사
중급,액세서리,를 달다,명사
중급,액수03,가 크다,명사
중급,액자01,를 걸다,명사
중급,야간,야간 근무,명사
중급,야경02,을 감상하다,명사
중급,야근,을 하다,명사
중급,야단01,을 떨다,명사
중급,야옹01,고양이가 야옹 울다,부사
중급,야외,로 나가다,명사
중급,야하다01,옷차림이,형용사
중급,약도,를 그리다,명사
중급,약점01,을 잡다,명사
중급,약품,을 구입하다,명사
중급,약혼,을 발표하다,명사
중급,약혼녀,와 헤어지다,명사
중급,약혼자01,를 소개하다,명사
중급,얌전,을 떨다,명사
중급,양05,동물,명사
중급,양07,양 무릎,관형사
중급,양20,이 많다,명사
중급,양국01,이 교류하다,명사
중급,양념,을 섞다,명사
중급,양력02,음력,명사
중급,양배추,를 먹다,명사
중급,양보03,자리 양보,명사
중급,양산05,을 쓰다,명사
중급,양식04,에 맞추다,명사
중급,양심02,에 찔리다,명사
중급,양옆,에 앉다,명사
중급,양쪽,양쪽 뺨,명사
중급,양파,를 볶다,명사
중급,얕다,강이,형용사
중급,얘03,이 아이,줄어든 말
중급,-어08,한국어,접사
중급,어긋나다,뼈가,동사
중급,어기다01,약속을,동사
중급,어느덧,어느덧 사라지다,부사
중급,어느새,어느새 다 자라다,부사
중급,어둠,이 깔리다,명사
중급,어떡하다,어떠하게 하다,줄어든 말
중급,어려움,을 겪다,명사
중급,어려워하다,선배를,동사
중급,어르신,을 뵙다,명사
중급,어리석다,생각이,형용사
중급,어린애,를 보살피다,명사
중급,어머,"어머, 눈이 오네",감탄사
중급,어색하다02,사이가,형용사
중급,어저께,어저께 아침,부사/명사
중급,어지럽다,머리가,형용사
중급,어쨌든,어쨌든 고맙다,부사
중급,어쩌다02,어쩌다가,부사
중급,어쩌면,어쩌면 너도,부사
중급,어쩐지,어쩐지 이상하다,부사
중급,어찌나,어찌나 귀여운지,부사
중급,어찌하다,어찌할 수 없다,동사
중급,어차피,어차피 안 되다,부사
중급,어휘02,를 외우다,명사
중급,어휴,"어휴, 정신이 없군",감탄사
중급,억양,을 높이다,명사
중급,억울하다,죽음이,형용사
중급,억지로,억지로 웃다,부사
중급,언급,을 피하다,명사
중급,언덕,을 오르다,명사
중급,언론,언론 매체,명사
중급,언젠가,미래의 언젠가,부사
중급,얹다,무릎 위에,동사
중급,얻어먹다,구걸해서,동사
중급,얼룩,을 지우다,명사
중급,얼른02,얼른 일어나다,부사
중급,얼리다03,얼음을,동사
중급,얼마간,얼마간의 돈,명사
중급,엄격02,엄격 적용,명사
중급,엄숙하다,분위기가,형용사
중급,엄청나다,피해가,형용사
중급,업계01,서비스 업계,명사
중급,업다,동생을,동사
중급,업무02,를 맡기다,명사
중급,업적,을 남기다,명사
중급,업체,와 거래하다,명사
중급,없애다,근심을,동사
중급,없어지다,말이,동사
중급,없이,죄 없이,부사
중급,엉뚱하다,대답이,형용사
중급,엉망,으로 만들다,명사
중급,엉터리,로 말하다,명사
중급,엊그제,엊그제 아침,명사/부사
중급,엎드리다,엎드려 자다,동사
중급,에너지,가 넘치다,명사
중급,에스컬레이터,에 타다,명사
중급,여07,여자,명사
중급,-여27,십여 년,접사
중급,여가03,를 즐기다,명사
중급,여간,여간 ~이 아니다,부사
중급,여건01,이 좋다,명사
중급,여고01,여고 시절,명사
중급,여관03,에서 자다,명사
중급,여기다,가족으로,동사
중급,여덟째,여덟째 날,수사·관형사/명사
중급,여드름,이 나다,명사
중급,여럿,여럿 가운데,명사
중급,여름철,여름철 날씨,명사
중급,여름휴가,를 떠나다,명사
중급,여보01,"여보, 마누라",감탄사
중급,여부01,사실 여부,명사
중급,여섯째,여섯째 날,수사·관형사/명사
중급,여유,가 있다,명사
중급,여유롭다,시간이,형용사
중급,여인01,중년 여인,명사
중급,여전히,여전히 그대로,부사
중급,여쭈다,선생님께,동사
중급,여행가,배낭 여행가,명사
중급,역사가,가 연구하다,명사
중급,역사상02,한국 역사상,명사
중급,역사적,역사적 기록,관형사·명사
중급,역할,을 정하다,명사
중급,엮다,짚을,동사
중급,연02,연 강수량,명사
중급,연간02,연간 수입,명사
중급,연고04,를 바르다,명사
중급,연관06,이 있다,명사
중급,연구03,에 몰두하다,명사
중급,연구소,를 세우다,명사
중급,연구실,에서 공부하다,명사
중급,연구원01,이 되다,명사
중급,연구원02,에서 일하다,명사
중급,연구자,로 일하다,명사
중급,연기05,무기한 연기,명사
중급,연기09,담배 연기,명사
중급,연기10,배우의 연기,명사
중급,연기자,드라마 연기자,명사
중급,연도01,졸업 연도,명사
중급,연두색,연두색 새싹,명사
중급,연령01,연령 제한,명사
중급,연못,에 빠지다,명사
중급,연봉02,연봉이 오르다,명사
중급,연설02,을 마치다,명사
중급,연속02,일주일 연속,명사
중급,연애05,연애 감정,명사
중급,연인06,연인 사이,명사
중급,연장05,연장 근무,명사
중급,연주06,피아노 연주,명사
중급,연주회,피아노 연주회,명사
중급,연체01,연체 도서,명사
중급,연체료,를 내다,명사
중급,연출02,영화 연출,명사
중급,연탄03,을 때다,명사
중급,연하다01,고기가,형용사
중급,연합03,유럽 연합,명사
중급,열기07,뜨거운 열기,명사
중급,열리다01,열매가,동사
중급,열매01,가 열리다,명사
중급,열쇠고리,에 끼우다,명사
중급,열정02,을 쏟다,명사
중급,열중,을 하다,명사
중급,열째,열째 날,수사·관형사/명사
중급,염색01,을 들이다,명사
중급,엿보다,몰래 엿보다,동사
중급,영03,영 모르겠다,부사
중급,영리하다01,머리가,형용사
중급,영상01,영상에 담다,명사
중급,영상03,영하,명사
중급,영양05,이 풍부하다,명사
중급,영양제,를 먹다,명사
중급,영업,을 마치다,명사
중급,영역03,활동 영역,명사
중급,영웅,전쟁 영웅,명사
중급,영원02,을 약속하다,명사
중급,영원히,영원히 사랑하다,부사
중급,영향04,을 미치다,명사
중급,영향력,을 미치다,명사
중급,영혼02,이 되다,명사
중급,영화감독,으로 데뷔하다,명사
중급,예01,예로부터,명사
중급,예08,를 들다,명사
중급,예15,가 바르다,명사
중급,예감03,불길한 예감,명사
중급,예고01,를 보다,명사
중급,예금01,을 찾다,명사
중급,예방02,산불 예방,명사
중급,예보,일기 예보,명사
중급,예비02,예비 식량,명사
중급,예산02,을 짜다,명사
중급,예상02,과 다르다,명사
중급,예선02,에 통과하다,명사
중급,예술가,로 활동하다,명사
중급,예술적,예술적 작품,관형사·명사
중급,예식장,을 예약하다,명사
중급,예외,로 하다,명사
중급,예의06,가 바르다,명사
중급,예절,을 지키다,명사
중급,예정02,을 앞당기다,명사
중급,예측,이 맞다,명사
중급,예컨대,−,부사
중급,옛날이야기,를 들려주다,명사
중급,오02,오! 그래요?,감탄사
중급,오가다,말이,동사
중급,오늘날,에 이르다,명사
중급,오락01,오락 문화,명사
중급,오락실,에서 놀다,명사
중급,오래도록,오래도록 간직하다,부사
중급,오래오래01,오래오래 사세요,부사
중급,오랜,오랜 시간,관형사
중급,오로지,오로지 공부만 하다,부사
중급,오르내리다,계단을,동사
중급,오른발,을 쓰다,명사
중급,오른편,에 앉다,명사
중급,오리03,동물,명사
중급,오염,오염 물질,명사
중급,오직01,오직 너만,부사
중급,오징어,를 먹다,명사
중급,오토바이,를 타다,명사
중급,오페라,를 보다,명사
중급,오피스텔,에 살다,명사
중급,오해02,를 풀다,명사
중급,오히려,오히려 화를 내다,부사
중급,옥수수,를 먹다,명사
중급,온01,온 집안,관형사
중급,온갖,온갖 방법,관형사
중급,온라인,온라인 게임,명사
중급,온몸,이 아프다,명사
중급,온종일,을 보내다,명사/부사
중급,온천02,에 가다,명사
중급,온통,온통 그 생각뿐이다,명사/부사
중급,올02,올 삼월,명사
중급,올라서다,계단에,동사
중급,올라타다,비행기에,동사
중급,올려놓다,난로 위에,동사
중급,올려다보다,나무를,동사
중급,올바르다,생각이,형용사
중급,올여름,올여름 날씨,명사
중급,옮기다,숙소를,동사
중급,옷차림,이 단정하다,명사
중급,와인,을 마시다,명사
중급,완벽01,을 추구하다,명사
중급,완성01,한 달 완성,명사
중급,완전01,에 가깝다,명사
중급,왕복,으로 운행하다,명사
중급,왠지,왠지 기분이 좋다,부사
중급,외04,그 외,명사/의존명사
중급,외가,−,명사
중급,외갓집,에 가다,명사
중급,외과01,에서 치료받다,명사
중급,외교01,외교 관계,명사
중급,외교관,으로 일하다,명사
중급,외로움,을 느끼다,명사
중급,외면03,을 당하다,명사
중급,외모02,를 가꾸다,명사
중급,외박01,이 잦다,명사
중급,외부02,로 나가다,명사
중급,외삼촌,친척,명사
중급,외숙모,친척,명사
중급,외식02,을 나가다,명사
중급,외아들,로 자라다,명사
중급,외출복,을 벗다,명사
중급,외치다01,큰 소리로,동사
중급,외투01,를 입다,명사
중급,외할머니,가족,명사
중급,외할아버지,가족,명사
중급,왼발,을 쓰다,명사
중급,왼편,에 앉다,명사
중급,요01,를 깔다,명사
중급,요03,요 녀석,관형사
중급,요가02,를 배우다,명사
중급,요구03,를 들어주다,명사
중급,요구르트,를 마시다,명사
중급,요리법,을 개발하다,명사
중급,요새01,요 사이,명사
중급,요소04,구성 요소,명사
중급,요약02,내용 요약,명사
중급,요인03,성공 요인,명사
중급,요즈음,요즈음 유행이다,명사
중급,요청,을 받다,명사
중급,욕02,을 퍼붓다,명사
중급,욕망,이 크다,명사
중급,욕실,에서 씻다,명사
중급,욕심,을 내다,명사
중급,용09,동물,명사
중급,-용11,어린이용,접사
중급,용감하다,군인이,형용사
중급,용건01,만 말하다,명사
중급,용기02,를 내다,명사
중급,용도02,에 맞다,명사
중급,용돈,을 쓰다,명사
중급,용서01,를 구하다,명사
중급,용어02,법률 용어,명사
중급,용품01,등산 용품,명사
중급,우기다01,끝까지 우기다,동사
중급,우려01,가 크다,명사
중급,우물01,을 파다,명사
중급,우선07,으로 하다,명사
중급,우수11,우수 학생,명사
중급,우습다,표정이,형용사
중급,우승05,우승 후보,명사
중급,우아하다,분위기가,형용사
중급,우연02,의 일치,명사
중급,우연히,우연히 발견하다,부사
중급,우울,을 느끼다,명사
중급,우정02,을 쌓다,명사
중급,우주02,우주 만물,명사
중급,우체통,에 편지를 넣다,명사
중급,우측,우측 방향,명사
중급,우편04,으로 보내다,명사
중급,우편물,을 보내다,명사
중급,우편함,에 넣다,명사
중급,우회전,을 알리다,명사
중급,운06,이 좋다,명사
중급,운동량,을 조절하다,명사
중급,운동선수,로 활동하다,명사
중급,운명01,을 받아들이다,명사
중급,운반02,이삿짐 운반,명사
중급,운영03,기업 운영,명사
중급,운전기사,가 안내하다,명사
중급,운전면허,를 따다,명사
중급,운행02,운행 노선,명사
중급,울리다01,전화기가,동사
중급,울리다02,아기를,동사
중급,울음소리,가 나다,명사
중급,움직임,을 따라가다,명사
중급,웃기다,사람을,동사
중급,웃어른,을 공경하다,명사
중급,웃음소리,가 나다,명사
중급,워낙,비싸다,부사
중급,원12,을 그리다,명사
중급,-원17,회사원,접사
중급,-원18,대학원,접사
중급,원래01,원래 그렇다,명사/부사
중급,원룸,에 살다,명사
중급,원리02,를 발견하다,명사
중급,원만하다,성품이,형용사
중급,원서05,를 내다,명사
중급,원숭이,를 키우다,명사
중급,원인02,을 밝히다,명사
중급,원칙,을 지키다,명사
중급,월03,월요일,명사
중급,월드컵,이 열리다,명사
중급,월말,이 되다,명사
중급,월세,를 내다,명사
중급,웬01,웬 영문인지,관형사
중급,웬만하다,가격이 ,형용사
중급,웬일,로 일찍 오다,명사
중급,위05,1위,의존명사
중급,위기01,를 면하다,명사
중급,위대하다01,업적이,형용사
중급,위로02,를 받다,명사
중급,위반03,신호 위반,명사
중급,위아래,로 정렬하다,명사
중급,위원회,가 열리다,명사
중급,위층,으로 올라가다,명사
중급,위하다01,가족을,동사
중급,위험성,이 크다,명사
중급,위협,을 당하다,명사
중급,윗글,을 읽다,명사
중급,윗사람,을 모시다,명사
중급,유교02,유교 문화,명사
중급,유난히,유난히 작다,부사
중급,유능01,무능,명사
중급,유도08,대화 유도,명사
중급,유람선,을 타다,명사
중급,유럽02,에 가다,명사
중급,유료01,무료,명사
중급,유리05,불리,명사
중급,유리창01,을 닦다,명사
중급,유머,가 있다,명사
중급,유물04,을 전시하다,명사
중급,유산07,을 물려받다,명사
중급,유일06,세계 유일,명사
중급,유적08,이 발견되다,명사
중급,유적지,를 조사하다,명사
중급,유지09,질서 유지,명사
중급,유창하다,영어가,형용사
중급,유치하다01,생각이,형용사
중급,유쾌,불쾌,명사
중급,유통04,자본의 유통,명사
중급,유형07,을 나누다,명사
중급,유혹02,뇌물의,명사
중급,육군02,육군 부대,명사
중급,육지02,에서 살다,명사
중급,육체03,건강한 육체,명사
중급,육체적,육체적 피로,관형사·명사
중급,-율04,할인율,접사
중급,으악,으악 하고 토하다,부사/감탄사
중급,은04,금과 은,명사
중급,은혜,를 갚다,명사
중급,음력02,양력,명사
중급,음반,을 내다,명사
중급,음성02,을 듣다,명사
중급,음식물,을 삼키다,명사
중급,음악회,에 가다,명사
중급,음주,음주 운전,명사
중급,응급실,에 실려 가다,명사
중급,응답,을 기다리다,명사
중급,응시03,응시 원서,명사
중급,응원,을 보내다,명사
중급,의견01,을 나누다,명사
중급,의논,을 하다,명사
중급,의도02,를 가지다,명사
중급,의류,여성 의류,명사
중급,의무01,를 다하다,명사
중급,의무적,의무적 규정,관형사·명사
중급,의문02,이 생기다,명사
중급,의복01,을 갈아입다,명사
중급,의사02,를 밝히다,명사
중급,의상01,을 고르다,명사
중급,의식03,을 잃다,명사
중급,의식04,을 치르다,명사
중급,의심03,을 받다,명사
중급,의외,의외의 결과,명사
중급,의욕,이 넘치다,명사
중급,의존,알코올 의존,명사
중급,의지04,를 하다,명사
중급,의지06,가 강하다,명사
중급,-이32,많이,접사
중급,이곳저곳,에 다니다,명사
중급,이국적01,이국적 풍경,관형사·명사
중급,이기적,이기적 성격,관형사·명사
중급,이끌다,단체를,동사
중급,이내03,이내 잠이 들다,부사
중급,이내05,한 시간 이내,명사
중급,이념,교육 이념,명사
중급,이달01,이달 말,명사
중급,이대로,이대로 두다,부사
중급,이동03,장소 이동,명사
중급,이따01,이따 만나요,부사
중급,이래서,이러한 이유로,줄어든 말
중급,이러다,말하다,동사
중급,이런저런,이런저런 문제,관형사
중급,이력서,를 내다,명사
중급,이론01,을 세우다,명사
중급,이롭다02,건강에,형용사
중급,이루다01,꿈을,동사
중급,이루어지다,소원이,동사
중급,이룩하다,성장을,동사
중급,이르다01,목적지에,동사
중급,이르다02,자세히 이르다,동사
중급,이른바,−,부사
중급,이름표,를 달다,명사
중급,이리03,이리 오다,부사
중급,이리저리02,이리저리 돌아다니다,부사
중급,이만02,이만 줄이다,부사
중급,이만큼,이만큼 달라지다,부사/명사
중급,이메일,을 보내다,명사
중급,이미지,청각적 이미지,명사
중급,이민03,을 가다,명사
중급,이발03,을 하다,명사
중급,이벤트,가 열리다,명사
중급,이별,을 선언하다,명사
중급,이비인후과,에서 치료하다,명사
중급,이상적01,이상적 방법,관형사·명사
중급,이성08,을 잃다,명사
중급,이성10,이성 친구,명사
중급,이어01,이어 말하다,부사
중급,이어지다,둥글게 이어지다,동사
중급,이왕02,이왕의 일,명사/부사
중급,이외01,관계자 이외,명사
중급,이용자,인터넷 이용자,명사
중급,이웃집,에 놀러 가다,명사
중급,이윽고,이윽고 밤이 되다,부사
중급,이익02,이 남다,명사
중급,이자05,가 비싸다,명사
중급,이전08,주소 이전,명사
중급,이제야,이제야 알다,부사
중급,이튿날,이 되다,명사
중급,이하02,수준 이하,명사
중급,이해관계,를 따지다,명사
중급,이해력,이 부족하다,명사
중급,이혼03,이혼 서류,명사
중급,익다02,손에,형용사
중급,익히다01,고기를,동사
중급,익히다02,기술을,동사
중급,인간01,인간 사회,명사
중급,인간관계,가 좋다,명사
중급,인간성,이 좋다,명사
중급,인간적,인간적 권리,관형사·명사
중급,인격,을 존중하다,명사
중급,인공01,인공 호수,명사
중급,인구01,가 증가하다,명사
중급,인도02,로 걷다,명사
중급,인력01,을 양성하다,명사
중급,인류01,인류 공동체,명사
중급,인물,이 좋다,명사
중급,인삼차,를 마시다,명사
중급,인상01,이 좋다,명사
중급,인상03,요금 인상,명사
중급,인상06,에 남다,명사
중급,인상적,인상적 작품,관형사·명사
중급,인생01,을 바치다,명사
중급,인쇄,인쇄 매체,명사
중급,인쇄물,을 찍다,명사
중급,인스턴트,인스턴트 커피,명사
중급,인식,이 강하다,명사
중급,인심01,이 변하다,명사
중급,인연03,을 맺다,명사
중급,인용02,인용 문구,명사
중급,인원,이 남다,명사
중급,인재02,를 기르다,명사
중급,인정04,이 넘치다,명사
중급,인정08,을 받다,명사
중급,인체,를 해부하다,명사
중급,인터뷰,인터뷰 기사,명사
중급,인하01,가격 인하,명사
중급,인하다01,그로 인하여,동사
중급,일06,일요일,명사
중급,일곱째,일곱째 날,수사·관형사/명사
중급,일교차,가 크다,명사
중급,일단01,먼저,부사
중급,일대03,서울 일대,명사
중급,일등,일등 신랑,명사
중급,일반02,일반 국민,명사
중급,일반인,일반인 대상,명사
중급,일반적,일반적 생각,관형사·명사
중급,일본어,로 말하다,명사
중급,일본인,을 만나다,명사
중급,일부러,일부러 오다,부사
중급,일부분,에 속하다,명사
중급,일상04,에 만족하다,명사
중급,일상생활,에서 사용하다,명사
중급,일상적,일상적 사용,관형사·명사
중급,일생01,을 살다,명사
중급,일석이조,를 노리다,명사
중급,일손,을 구하다,명사
중급,일시03,모임 일시,명사
중급,일시불,로 내다,명사
중급,일시적,일시적 감정,관형사·명사
중급,일쑤,굶기가 일쑤이다,명사/부사
중급,일어,로 말하다,명사
중급,일으키다,윗몸을,동사
중급,일일이02,일일이 검사하다,부사
중급,일자리,를 구하다,명사
중급,일정01,일정 기준,명사
중급,일정03,을 짜다,명사
중급,일정표,가 바뀌다,명사
중급,일종03,일종의 자유,명사
중급,일찍이,일찍이 나서다,부사
중급,일체01,일체 금지하다,명사/부사
중급,일출01,을 보다,명사
중급,일치01,의견 일치,명사
중급,일행01,과 헤어지다,명사
중급,일회용,일회용 젓가락,명사
중급,일회용품,을 사용하다,명사
중급,읽기,를 배우다,명사
중급,읽히다01,책이,동사
중급,읽히다02,책을,동사
중급,임금03,을 올리다,명사
중급,임무01,를 맡기다,명사
중급,임시02,로 맡다,명사
중급,임신02,임신 초기,명사
중급,입국02,출국,명사
중급,입금,입금 통장,명사
중급,입대01,제대,명사
중급,입력,자료 입력,명사
중급,입맛,이 좋다,명사
중급,입사03,입사 시험,명사
중급,입시04,대학 입시,명사
중급,입장02,무료 입장,명사
중급,입장04,을 밝히다,명사
중급,입장료,를 내다,명사
중급,입학식,을 치르다,명사
중급,입히다,옷을,동사
중급,잇다01,끈을,동사
중급,잇따르다,차가,동사
중급,잊히다,기억에서,동사
중급,자01,로 재다,명사
중급,자04,"자, 갑시다",감탄사
중급,자14,하늘 천 자,명사
중급,-자30,과학자,접사
중급,자가용,으로 출근하다,명사
중급,자격04,보호자 자격,명사
중급,자격증,을 따다,명사
중급,자극01,피부에 자극이 되다,명사
중급,자기03,를 반성하다,명사/대명사
중급,자꾸만,자꾸만 귀찮게 하다,부사
중급,자녀01,를 기르다,명사
중급,자동01,으로 움직이다,명사
중급,자라나다,몸이,동사
중급,자랑스럽다,아들이,형용사
중급,자료03,를 찾다,명사
중급,자리02,를 펴다,명사
중급,자막,이 나오다,명사
중급,자매03,가족,명사
중급,자본02,이 부족하다,명사
중급,자부심,을 느끼다,명사
중급,자살01,을 시도하다,명사
중급,자세02,를 잡다,명사
중급,자세하다01,설명이,형용사
중급,자신02,이 있다,명사
중급,자신감,이 넘치다,명사
중급,자연스럽다,표정이,형용사
중급,자연적,자연적 환경,관형사·명사
중급,자연환경,을 보호하다,명사
중급,자연히,자연히 없어지다,부사
중급,자원04,이 부족하다,명사
중급,자유롭다,활동이,형용사
중급,자존심,을 지키다,명사
중급,자주색,으로 색칠하다,명사
중급,자취03,자취 생활,명사
중급,작가01,시나리오 작가,명사
중급,작곡01,작곡 공부,명사
중급,작곡가,가요 작곡가,명사
중급,작동01,을 멈추다,명사
중급,작문01,을 읽다,명사
중급,작성01,보고서 작성,명사
중급,작업01,준비 작업,명사
중급,작용01,불리한 작용,명사
중급,작은아버지,친척,명사
중급,작은어머니,친척,명사
중급,작은집,에 가다,명사
중급,작전01,을 생각하다,명사
중급,작품01,예술 작품,명사
중급,잔돈02,을 모으다,명사
중급,잔디밭,에 앉다,명사
중급,잔뜩,잔뜩 사다,부사
중급,잔소리,를 늘어 놓다,명사
중급,잔액,이 부족하다,명사
중급,잘나다,외모가,형용사
중급,잘리다01,나무가,동사
중급,잘살다,잘사는 나라,동사
중급,잠그다01,문을,동사
중급,잠기다01,문이,동사
중급,잠기다02,물에,동사
중급,잠들다,아기가,동사
중급,잠옷,을 입다,명사
중급,잠자리02,를 잡다,명사
중급,잡아당기다,문을,동사
중급,잡아먹다,소를,동사
중급,잡히다02,도둑이,동사
중급,-장44,운동장,접사
중급,장가01,를 가다,명사
중급,장관02,에 임명되다,명사
중급,장기간,장기간 머물다,명사
중급,장기적,장기적 목표,관형사·명사
중급,장난,이 심하다,명사
중급,장남03,장녀,명사
중급,장단점,을 파악하다,명사
중급,장래,를 준비하다,명사
중급,장례식,을 치르다,명사
중급,장르,영화 장르,명사
중급,장마철,이 다가오다,명사
중급,장면04,을 목격하다,명사
중급,장모01,장인,명사
중급,장미꽃,을 받다,명사
중급,장사01,가 잘되다,명사
중급,장수08,장수 마을,명사
중급,장식05,을 달다,명사
중급,장애02,가 되다,명사
중급,장애인,장애인 복지,명사
중급,장인02,장모,명사
중급,장점02,이 많다,명사
중급,장하다01,아들이,형용사
중급,장학01,장학 사업,명사
중급,장학금,을 받다,명사
중급,재-17,재등록,접사
중급,재능,예술적 재능,명사
중급,재다02,무게를,동사
중급,재떨이,에 버리다,명사
중급,재빨리,재빨리 도망치다,부사
중급,재산,을 모으다,명사
중급,재생01,의 기회,명사
중급,재수03,가 좋다,명사
중급,재우다03,아이를,동사
중급,재작년,재작년 여름,명사
중급,재주01,가 많다,명사
중급,재킷,을 입다,명사
중급,재판06,이 열리다,명사
중급,재학02,재학 증명서,명사
중급,재학생,이 늘다,명사
중급,재활용,재활용 쓰레기,명사
중급,재활용품,을 모으다,명사
중급,잼01,을 바르다,명사
중급,쟤,저 아이,줄어든 말
중급,저-11,저학년,접사
중급,저급01,저급 문화,명사
중급,저기02,"저기, 잠깐만요",감탄사
중급,저녁때,에 만나다,명사
중급,저러다,떠들고 저러다,동사
중급,저렴하다,비용이,형용사
중급,저리01,저리 가라,부사
중급,저마다,저마다 다르다,부사/명사
중급,저만큼,저만큼 느끼다,부사/명사
중급,저울01,에 달다,명사
중급,저자05,책의 저자,명사
중급,저장04,파일 저장,명사
중급,저절로,저절로 가다,부사
중급,저지르다,실수를,동사
중급,저축03,저축 예금,명사
중급,적13,을 공격하다,명사
중급,-적18,일반적,접사
중급,적극,적극 검토하다,명사
중급,적극적,적극적 태도,관형사·명사
중급,적당히,적당히 마시다,부사
중급,적성05,에 맞다,명사
중급,적어도,적어도 일주일,부사
중급,적어지다,사람이,동사
중급,적용,받다,명사
중급,적응02,이 빠르다,명사
중급,적자02,가 나다,명사
중급,적절하다,상황이,형용사
중급,적히다,숫자가,동사
중급,전개02,가 이루어지다,명사
중급,전국03,을 돌다,명사
중급,전국적,전국적 규모,관형사·명사
중급,전날,시험 전날,명사
중급,전달03,물건 전달,명사
중급,전망03,이 좋다,명사
중급,전문08,전문 분야,명사
중급,전문가,를 초빙하다,명사
중급,전문적,전문적 지식,관형사·명사
중급,전문점,커피 전문점,명사
중급,전문직,에 종사하다,명사
중급,전설04,이 내려오다,명사
중급,전세07,로 살다,명사
중급,전시04,전시 상품,명사
중급,전시장,을 둘러보다,명사
중급,전시회,를 관람하다,명사
중급,전용04,외국인 전용,명사
중급,전원03,전원 출석,명사
중급,전원07,을 끄다,명사
중급,전자06,전자 제품,명사
중급,전자레인지,에 데우다,명사
중급,전자사전,을 찾다,명사
중급,전쟁,한국 전쟁,명사
중급,전제08,전제 조건,명사
중급,전체적,전체적 분위기,관형사·명사
중급,전통05,을 잇다,명사
중급,전통적,전통적 방식,관형사·명사
중급,전후01,전후 사정,명사
중급,절01,에 다니다,명사
중급,절02,을 올리다,명사
중급,절08,1장 1절,명사
중급,절대05,절대 안정,명사/부사
중급,절대로,절대로 아니다,부사
중급,절대적,절대적 신뢰,관형사·명사
중급,절망02,에 빠지다,명사
중급,절반,절반 이상,명사
중급,절약,시간 절약,명사
중급,절차02,수속 절차,명사
중급,젊은이,젊은이의 꿈,명사
중급,젊음,을 유지하다,명사
중급,점10,을 찍다,명사/의존명사
중급,-점11,백화점,접사
중급,점검,을 받다,명사
중급,점원01,으로 일하다,명사
중급,점잖다,말투가,형용사
중급,점차02,점차 좋아지다,명사/부사
중급,점퍼,를 입다,명사
중급,접근,을 막다,명사
중급,접속,을 끊다,명사
중급,접수03,원서 접수,명사
중급,접어들다,겨울에,동사
중급,접촉,을 피하다,명사
중급,접하다01,소식을,동사
중급,젓다01,커피를,동사
중급,정20,이 들다,명사
중급,정기07,정기 휴일,명사
중급,정기적,정기적 모임,관형사·명사
중급,정답,을 고르다,명사
중급,정당07,에 가입하다,명사
중급,정말로,정말로 믿다,부사
중급,정면01,을 향하다,명사
중급,정반대,가 되다,명사
중급,정보06,를 수집하다,명사
중급,정보화,정보화 사회,명사
중급,정부08,한국 정부,명사
중급,정상02,정상 수업,명사
중급,정상적,정상적 생활,관형사·명사
중급,정성11,을 다하다,명사
중급,정수기,를 설치하다,명사
중급,정식01,정식 회원,명사
중급,정신12,절약 정신,명사
중급,정신없다,게임에,형용사
중급,정신적,정신적 여유,관형사·명사
중급,정오01,정오 뉴스,명사
중급,정원03,정원 미달,명사
중급,정육점,에서 고기를 사다,명사
중급,정의05,를 내리다,명사
중급,정작01,정작 할 말은 못하다,명사/부사
중급,정장04,을 입다,명사
중급,정지06,운행 정지,명사
중급,정직01,을 추구하다,명사
중급,정착,정착 생활,명사
중급,정책02,정책 수립,명사
중급,정치03,정치 활동,명사
중급,정치인,이 되다,명사
중급,정치적,정치적 대립,관형사·명사
중급,정확히01,정확히 계산하다,부사
중급,젖,을 먹이다,명사
중급,-제21,추모제,접사
중급,제-22,제삼,접사
중급,-제24,영양제,접사
중급,제26,제 생각,줄어든 말
중급,제거03,냄새 제거,명사
중급,제공04,자료 제공,명사
중급,제과점,에서 빵을 사다,명사
중급,제대로,제대로 갖추다,부사
중급,제도01,결혼 제도,명사
중급,제때,제때를 놓치다,명사
중급,제발01,제발 부탁이야,부사
중급,제법01,제법 잘하다,부사
중급,제사07,를 지내다,명사
중급,제시02,의견 제시,명사
중급,제시간,에 맞추다,명사
중급,제안02,을 받다,명사
중급,제약01,이 많다,명사
중급,제외02,제외 대상,명사
중급,제자01,스승과 제자,명사
중급,제자리,에 꽂다,명사
중급,제작02,음반 제작,명사
중급,제출02,보고서 제출,명사
중급,제품02,가죽 제품,명사
중급,제한01,나이 제한,명사
중급,조05,오조 이천억,수사·관형사
중급,조각01,이 나다,명사
중급,조건02,성공 조건,명사
중급,조그맣다,얼굴이,형용사
중급,조기05,이른 시기,명사
중급,조깅,을 하다,명사
중급,조끼01,를 입다,명사
중급,조르다02,사 달라고 조르다,동사
중급,조리09,조리 시간,명사
중급,조림01,생선 조림,명사
중급,조명06,실내 조명,명사
중급,조미료,를 넣다,명사
중급,조사30,조사 결과,명사
중급,조상07,을 모시다,명사
중급,조심스럽다,말이,형용사
중급,조언01,을 구하다,명사
중급,조작02,음성 조작,명사
중급,조절02,컨디션 조절,명사
중급,조정09,시간 조정,명사
중급,조화07,를 이루다,명사
중급,존경,을 받다,명사
중급,존재,를 인정하다,명사
중급,존중,을 받다,명사
중급,졸리다01,졸려서 자다,동사/형용사
중급,졸업생,을 배출하다,명사
중급,졸업식,을 치르다,명사
중급,졸음01,이 쏟아지다,명사
중급,좀처럼,좀처럼 안 되다,부사
중급,좁히다01,길을,동사
중급,종교,를 믿다,명사
중급,종교적,종교적 신념,관형사·명사
중급,종아리,가 굵다,명사
중급,종이컵,을 쓰다,명사
중급,종일01,종일 흐리다,부사/명사
중급,종종04,종종 들르다,부사
중급,종합,종합 검사,명사
중급,좌석,에 앉다,명사
중급,좌우01,좌우 날개,명사
중급,좌측,에 배치되다,명사
중급,좌회전,을 하다,명사
중급,죄03,를 짓다,명사
중급,주간05,주간 계획,명사/의존명사
중급,주고받다,이야기를,동사
중급,주관적,주관적 생각,관형사·명사
중급,주름01,이 생기다,명사
중급,주먹,을 쥐다,명사
중급,주목03,을 끌다,명사
중급,주민,이 모이다,명사
중급,주방05,에서 요리하다,명사
중급,주식03,에 투자하다,명사
중급,주어지다,기회가,동사
중급,주요01,주요 인물,명사
중급,주유소,에서 일하다,명사
중급,주의07,를 시카다,명사
중급,주인공,으로 나오다,명사
중급,주장03,을 내세우다,명사
중급,주저앉다,바닥에,동사
중급,주전자,에 물을 끓이다,명사
중급,주제04,대화 주제,명사
중급,주차권,을 사다,명사
중급,주차료,를 내다,명사
중급,주택,을 짓다,명사
중급,죽07,을 끓이다,명사
중급,죽음01,을 맞다,명사
중급,죽이다01,쥐를,동사
중급,준비물,을 챙기다,명사
중급,줄거리01,를 얘기하다,명사
중급,줄곧,줄곧 생각하다,부사
중급,줄기01,식물 줄기,명사
중급,줄넘기,를 하다,명사
중급,줄무늬,를 그리다,명사
중급,줄어들다,숫자가,동사
중급,중01,불교,명사
중급,중고01,중고 자동차,명사
중급,중고차,를 사다,명사
중급,중고품,을 팔다,명사
중급,중국어,로 말하다,명사
중급,중국인,을 만나다,명사
중급,중급,중급 수준,명사
중급,중단04,운행 중단,명사
중급,중독01,을 일으키다,명사
중급,중반03,에 들어서다,명사
중급,중부03,중부 지방,명사
중급,중소기업,에 취직하다,명사
중급,중순,내달 중순,명사
중급,중식,중국 음식,명사
중급,중심지,경제의 중심지,명사
중급,중얼거리다,혼자 중얼거리다,동사
중급,중요성,을 지니다,명사
중급,중형차,를 운전하다,명사
중급,쥐02,동물,명사
중급,쥐다01,주먹을,동사
중급,즉01,"즉, 다시 말해서",부사
중급,즉석,으로 만들다,명사
중급,즉시,즉시 시작하다,명사
중급,즐거움,을 느끼다,명사
중급,증가01,인구 증가,명사
중급,증거,를 찾다,명사
중급,증명,을 하다,명사
중급,증명서,를 발급하다,명사
중급,증상01,감기 증상,명사
중급,증세01,가 악화되다,명사
중급,지각04,이 들다,명사
중급,지겹다,공부가,형용사
중급,지구04,에 살다,명사
중급,지극히,지극히 간단하다,부사
중급,지금껏,지금껏 모르다,부사
중급,지급01,이자 지급,명사
중급,지나치다,욕심이,형용사/동사
중급,지난날,을 기억하다,명사
중급,지능,이 높다,명사
중급,지니다,돈을,동사
중급,지다02,해가,동사
중급,지다05,배낭을,동사
중급,지도09,를 받다,명사
중급,지도자,를 뽑다,명사
중급,지름길,로 가다,명사
중급,지방09,식물성 지방,명사
중급,지불02,비용 지불,명사
중급,지붕,에 올라가다,명사
중급,지시02,를 하다,명사
중급,지식02,을 얻다,명사
중급,지식인,지식인 사회,명사
중급,지역03,서울 지역,명사
중급,지옥,에 떨어지다,명사
중급,지원02,생활비 지원,명사
중급,지원07,지원 동기,명사
중급,지위04,가 높다,명사
중급,지저분하다,길이,형용사
중급,지적05,을 받다,명사
중급,지정14,지정 좌석,명사
중급,지진02,이 발생하다,명사
중급,지출01,이 늘다,명사
중급,지치다01,몸이,동사
중급,지켜보다,몰래 지켜보다,동사
중급,지퍼,를 올리다,명사
중급,지폐,를 세다,명사
중급,지하실,로 내려가다,명사
중급,지혜02,를 모으다,명사
중급,지혜롭다,생각이,형용사
중급,직선01,직선 도로,명사
중급,직장인,이 출근하다,명사
중급,직접적,직접적 이유,관형사·명사
중급,직진02,으로 가다,명사
중급,직후,식사 직후,명사
중급,진단02,을 받다,명사
중급,진단서,를 떼다,명사
중급,진동03,이 울리다,명사
중급,진로02,를 결정하다,명사
중급,진리,를 깨닫다,명사
중급,진술02,을 듣다,명사
중급,진실02,을 말하다,명사
중급,진심01,으로 축하하다,명사
중급,진정하다01,진정한 친구,형용사
중급,진지하다,태도가,형용사
중급,진찰02,을 받다,명사
중급,진출02,사회 진출,명사
중급,진통제,를 먹다,명사
중급,진학,진학 상담,명사
중급,진행02,이 순조롭다,명사
중급,진행자,뉴스 진행자,명사
중급,질08,이 좋다,명사
중급,-질11,가위질,접사
중급,질병02,을 치료하다,명사
중급,질서03,를 유지하다,명사
중급,질투,가 나다,명사
중급,짐승,을 잡다,명사
중급,짐작,도 못하다,명사
중급,집다01,손가락으로,동사
중급,집단,을 이루다,명사
중급,집세,를 내다,명사
중급,집안01,이 편안하다,명사
중급,집어넣다,감옥에,동사
중급,집중02,시선 집중,명사
중급,집중적,집중적 관심,관형사·명사
중급,짓01,나쁜 짓,명사
중급,짖다,강아지가,동사
중급,짙다02,색깔이,형용사
중급,짚다01,지팡이를,동사
중급,짜다01,목도리를,동사
중급,짜다02,치약을,동사
중급,-짜리02,백 원짜리,접사
중급,짜증스럽다,말투가,형용사
중급,짝수,홀수,명사
중급,짠맛,이 나다,명사
중급,-째02,첫째,접사
중급,쪽02,쪽 번호,명사
중급,쪽03,사과 몇 쪽,의존명사/명사
중급,쫓겨나다,집에서,동사
중급,쫓기다,경찰에게,동사
중급,쫓다,범인을,동사
중급,쫓아가다,회사로,동사
중급,쫓아내다,마을에서,동사
중급,쫓아다니다,선배를,동사
중급,쫓아오다,친구가,동사
중급,쭉,줄을 쭉 긋다,부사
중급,-쯤02,이쯤,접사
중급,찌르다,바늘로,동사
중급,찌푸리다,인상을,동사
중급,찍다01,도끼로,동사
중급,찍히다02,도장이,동사
중급,찜질,모래 찜질,명사
중급,찡그리다,얼굴을,동사
중급,찢다,종이를,동사
중급,찢어지다,종이가,동사
중급,차도01,로 다니다,명사
중급,차라리,차라리 죽는 게 낫다,부사
중급,차량01,을 통제하다,명사
중급,차로02,를 건너다,명사
중급,차리다,음식을,동사
중급,차림표,를 주다,명사
중급,차마,차마 할 수 없다,부사
중급,차별,남녀 차별,명사
중급,차비02,를 내다,명사
중급,차선03,을 변경하다,명사
중급,차원01,이 다르다,명사
중급,차이,나이 차이,명사
중급,차이점,이 없다,명사
중급,차차01,차차 좋아지다,부사
중급,차창,을 닦다,명사
중급,차츰,차츰 나아지다,부사
중급,착각03,에 빠지다,명사
중급,찬성01,반대,명사
중급,참가01,참가 신청서,명사
중급,참고01,참고 자료,명사
중급,참기름,을 바르다,명사
중급,참석,회의 참석,명사
중급,참석자,참석자 명단,명사
중급,참여,가 많다,명사
중급,참으로,참으로 잘되다,부사
중급,참조02,사진 참조,명사
중급,창09,을 열다,명사
중급,창가01,에 앉다,명사
중급,창고01,에 보관하다,명사
중급,창구01,예매 창구,명사
중급,창밖,을 보다,명사
중급,창작,창작과 모방,명사
중급,창조03,한글 창조,명사
중급,창피,를 당하다,명사
중급,찾아내다,보물을,동사
중급,찾아다니다,명소를,동사
중급,찾아뵙다,어른을,동사
중급,채널,을 돌리다,명사
중급,채우다01,자물쇠를,동사
중급,채우다03,자리를,동사
중급,채택,답변 채택,명사
중급,책가방,을 메다,명사
중급,책임,을 지다,명사
중급,책임감,이 강하다,명사
중급,책임자,를 처벌하다,명사
중급,책임지다,결과를,동사
중급,챔피언,을 차지하다,명사
중급,챙기다,가방을,동사
중급,처녀,처녀 시절,명사
중급,처리02,사고 처리,명사
중급,처방,을 내리다,명사
중급,처방전,을 떼다,명사
중급,처벌,을 받다,명사
중급,처하다,위험에,동사
중급,천국01,지옥,명사
중급,천둥,이 치다,명사
중급,천사05,천사의 날개,명사
중급,천장02,이 높다,명사
중급,천재03,천재 시인,명사
중급,천주교,를 믿다,명사
중급,철01,이 바뀌다,명사
중급,철02,이 들다,명사
중급,철도,도시 철도,명사
중급,철저히,철저히 예방하다,부사
중급,첨부01,첨부 서류,명사
중급,첫눈01,에 반하다,명사
중급,첫눈02,이 내리다,명사
중급,첫사랑,과 재회하다,명사
중급,첫인상,이 좋다,명사
중급,청구서,가 오다,명사
중급,청소기02,를 사다,명사
중급,청하다,도움을,동사
중급,청혼02,을 거절하다,명사
중급,체계03,가 잡히다,명사
중급,체력,을 단련하다,명사
중급,체면02,이 깎이다,명사
중급,체온,이 떨어지다,명사
중급,체조02,체조 경기,명사
중급,체중01,을 조절하다,명사
중급,체하다02,밥이 ,동사
중급,체험,간접 체험,명사
중급,초-22,초봄,접사
중급,초가을,초가을 바람,명사
중급,초겨울,초겨울 추위,명사
중급,초급01,초급 단계,명사
중급,초기04,초기 단계,명사
중급,초록02,으로 칠하다,명사
중급,초반01,경기 초반,명사
중급,초보01,초보 운전,명사
중급,초보자,수영 초보다,명사
중급,초봄,초봄의 바람,명사
중급,초승달,이 뜨다,명사
중급,초여름,초여름 더위,명사
중급,초저녁,이 지나다,명사
중급,초점03,을 맞추다,명사
중급,초조03,불안과 초조,명사
중급,초청01,초청 강연,명사
중급,초청장,을 보내다,명사
중급,촌스럽다,옷차림이,형용사
중급,총03,을 쏘다,명사
중급,총06,총 인원,관형사
중급,총리01,에 임명되다,명사
중급,촬영,을 미루다,명사
중급,최고급,최고급 호텔,명사
중급,최대,로 늘리다,명사
중급,최대한,최대한의 노력,명사/부사
중급,최선02,을 다하다,명사
중급,최소01,최대,명사
중급,최소한,으로 유지하다,명사/부사
중급,최신,최신 기술,명사
중급,최저01,최고,명사
중급,최종,최종 목표,명사
중급,최초,로 발견하다,명사
중급,추가02,추가 모집,명사
중급,추억,으로 남다,명사
중급,추위01,를 견디다,명사
중급,추진02,사업 추진,명사
중급,추천03,추천 도서,명사
중급,추천서,를 쓰다,명사
중급,추측,이 맞다,명사
중급,축구장,에서 축구를 하다,명사
중급,축소02,예산 축소,명사
중급,축제01,를 즐기다,명사
중급,출국,출국 수속,명사
중급,출근길,을 나서다,명사
중급,출산02,출산 예정일,명사
중급,출신,서울 출신,명사
중급,출연02,드라마 출연,명사
중급,출판02,도서 출판,명사
중급,출현,출현 시기,명사
중급,충격02,을 받다,명사
중급,충격적,충격적 사실,관형사·명사
중급,충고,를 듣다,명사
중급,충돌,자동차 충돌,명사
중급,충분히,충분히 이해하다,부사
중급,취업,을 알선하다,명사
중급,취업난,에 시달리다,명사
중급,취재02,취재 기자,명사
중급,취하다03,술에,동사
중급,취향01,이 독특하다,명사
중급,측,학교 측,의존명사
중급,측면,오른쪽 측면,명사
중급,치다01,눈보라가,동사
중급,치다03,밑줄을,동사
중급,치다04,후추를,동사
중급,치료법,을 개발하다,명사
중급,치료제02,혈압 치료제,명사
중급,치르다,값을,동사
중급,치수01,를 재다,명사
중급,치우다01,물건들을,동사
중급,치즈,를 먹다,명사
중급,친-03,친부모,접사
중급,친딸,처럼 대하다,명사
중급,친아들,처럼 대하다,명사
중급,친아버지,처럼 대하다,명사
중급,친어머니,처럼 대하다,명사
중급,친언니,처럼 대하다,명사
중급,친오빠,처럼 대하다,명사
중급,친정04,에 가다,명사
중급,침01,을 뱉다,명사
중급,침묵,을 깨다,명사
중급,칸01,을 나누다,명사
중급,캄캄하다,밖이,형용사
중급,캠페인,을 벌이다,명사
중급,커다랗다,문제가,형용사
중급,커지다,문제가,동사
중급,커트,를 하다(머리),명사
중급,커튼,을 매달다,명사
중급,코너,를 돌다,명사
중급,코미디,코미디 영화,명사
중급,코스,드라이브 코스,명사
중급,코트01,를 입다,명사
중급,코트03,농구 코트,명사
중급,코피01,를 흘리다,명사
중급,콘도,에서 묵다,명사
중급,콜록콜록,콜록콜록 기침을 하다,부사
중급,콧노래,를 부르다,명사
중급,콩나물,을 무치다,명사
중급,쾌적하다,공기가,형용사
중급,쿠폰,을 모으다,명사
중급,쿨쿨02,쿨쿨 자다,부사
중급,쿵02,쿵 소리가 나다,부사
중급,크림,을 넣다(음식),명사
중급,큰길,로 다니다,명사
중급,큰돈,을 모으다,명사
중급,큰딸,가족,명사
중급,큰아들,가족,명사
중급,큰아버지,친척,명사
중급,큰어머니,친척,명사
중급,큰일01,이 나다,명사
중급,큰집,에 가다,명사
중급,클래식,을 듣다,명사
중급,클럽,에서 놀다,명사
중급,키04,로 문을 열다,명사
중급,키스,를 하다,명사
중급,타고나다,재능을,동사
중급,타다04,월급을,동사
중급,타다07,때가 ,동사
중급,타오르다,불꽃이,동사
중급,타인01,을 의식하다,명사
중급,탁자01,에 내려놓다,명사
중급,탄생,아이의 탄생,명사
중급,탈출02,비상 탈출,명사
중급,탑02,을 쌓다,명사
중급,탑승,비행기 탑승,명사
중급,탑승객,비행기 탑승객,명사
중급,태양02,이 뜨다,명사
중급,태우다01,불에 ,동사
중급,태우다02,차에,동사
중급,택하다,직업으로,동사
중급,탤런트,로 활동하다,명사
중급,터널,을 지나다,명사
중급,터뜨리다,풍선을,동사
중급,터지다,풍선이,동사
중급,턱01,에 수염이 나다,명사
중급,털,이 빠지다,명사
중급,털다,옷을,동사
중급,텅01,텅 비다,부사
중급,테스트,를 받다,명사
중급,테이프,로 장식하다,명사
중급,토04,토요일,명사
중급,토론01,찬반 토론,명사
중급,토의02,토의 주제,명사
중급,토하다,음식을,동사
중급,통07,통 말이 없다,부사
중급,통10,에 담다,명사
중급,통계04,통계 자료,명사
중급,통과,국경 통과,명사
중급,통신01,이 끊기다,명사
중급,통역,을 부탁하다,명사
중급,통일02,남북 통일,명사
중급,통증,을 느끼다,명사
중급,통통하다01,몸매가,형용사
중급,통하다,바람이  ,동사
중급,통행,을 금지하다,명사
중급,퇴직,퇴직 연금,명사
중급,투자02,를 유치하다,명사
중급,투표01,찬반 투표,명사
중급,특기01,취미와 특기,명사
중급,특성01,을 살리다,명사
중급,특수02,특수 부대,명사
중급,특정,특정 집단,명사
중급,특징,이 드러나다,명사
중급,틀림없다,사실임에,형용사
중급,틀림없이,틀림없이 되다,부사
중급,틈01,창문 틈,명사/의존명사
중급,틈틈이,틈틈이 하다,부사
중급,파01,를 썰다,명사
중급,파괴,를 당하다,명사
중급,파다01,땅을,동사
중급,파도,가 부서지다,명사
중급,파랑01,색깔,명사
중급,파마,를 하다,명사
중급,파일03,을 정리하다,명사
중급,파출소,에 신고하다,명사
중급,파트너,를 구하다,명사
중급,판단,상황 판단,명사
중급,판매,판매 가격,명사
중급,판매자,구매자,명사
중급,판사01,직업,명사
중급,팔꿈치,를 펴다,명사
중급,패션01,패션 잡지,명사
중급,패스트푸드,를 먹다,명사
중급,팬01,영화 팬,명사
중급,팬티,를 입다,명사
중급,퍼센트,백 퍼센트,의존명사
중급,퍼지다,점점 퍼지다,동사
중급,퍽02,퍽 어렵다,부사
중급,페이지,를 넘기다,명사
중급,펴내다,책을,동사
중급,편04,저쪽 편,의존명사
중급,편견,을 가지다,명사
중급,편식,이 심하다,명사
중급,편의02,를 봐주다,명사
중급,편히,편히 살다,부사
중급,펼쳐지다,길이,동사
중급,펼치다,책을,동사
중급,평03,이 좋다,명사
중급,평가03,를 받다,명사
중급,평균,을 구하다,명사
중급,평등,을 보장하다,명사
중급,평범하다,외모가,형용사
중급,평상시,와 같다,명사
중급,평생,을 보내다,명사
중급,평화02,를 지키다,명사
중급,평화롭다,마을이,형용사
중급,폐지02,제도의 폐지,명사
중급,포근하다,잠자리가,형용사
중급,포기02,중도 포기,명사
중급,포도주,를 마시다,명사
중급,포장지,로 싸다,명사
중급,포크01,로 찍다,명사
중급,포함02,세금 포함,명사
중급,폭넓다,범위가,형용사
중급,폭력,을 쓰다,명사
중급,폭발01,감정 폭발,명사
중급,폭설02,이 내리다,명사
중급,폭우,가 내리다,명사
중급,폭포01,를 구경하다,명사
중급,표02,로 나타내다 ,명사
중급,표면,이 거칠다,명사
중급,표시02,가격 표시,명사
중급,표정03,이 밝다,명사
중급,표준01,표준 시간,명사
중급,표준어,를 사용하다,명사
중급,표지01,를 싸다,명사
중급,표지판,을 세우다,명사
중급,표현,을 쓰다,명사
중급,푸다01,밥을,동사
중급,풀01,로 붙이다,명사
중급,풀02,이 자라다,명사
중급,풀리다,나사가,동사
중급,풀어지다,끈이,동사
중급,품01,이 넉넉하다,명사
중급,-품08,화장품,접사
중급,품다01,아기를,동사
중급,품질03,이 뛰어나다,명사
중급,풍기다,냄새를,동사
중급,풍부하다,감정이,형용사
중급,풍선02,을 띄우다,명사
중급,풍속01,세시 풍속,명사
중급,풍습01,을 지키다,명사
중급,프로03,프로 야구,명사
중급,프린터,를 연결하다,명사
중급,플라스틱,플라스틱 용기,명사
중급,피로02,를 느끼다,명사
중급,피부02,가 부드럽다,명사
중급,피부병,을 앓다,명사
중급,피서,를 즐기다,명사
중급,피하다,책임을,동사
중급,피해01,를 입다,명사
중급,피해자,사고 피해자,명사
중급,필기,를 g다,명사
중급,필수02,필수 조건,명사
중급,필수적,필수적 과정,관형사·명사
중급,필수품,을 장만하다,명사
중급,필요성,을 느끼다,명사
중급,핑계,가 없어지다,명사
중급,하04,상하,명사
중급,하긴,하긴 그럴 수 있다,부사
중급,하나하나,하나하나 세다,명사/부사
중급,하느님,을 믿다,명사
중급,하도01,하도 기가 막혀서,부사
중급,하숙,을 옮기다,명사
중급,하양01,으로 색칠하다,명사
중급,하여튼,하여튼 괜찮다,부사
중급,하차,승차,명사
중급,하품01,이 나오다,명사
중급,하하01,하하 웃다,부사
중급,-학07,경제학,접사
중급,학과01,전공 학과,명사
중급,학력02,최종 학력,명사
중급,학문02,에 정진하다,명사
중급,학부모,를 모시다,명사
중급,학비,를 내다,명사
중급,학습,을 하다,명사
중급,학용품,을 준비하다,명사
중급,학자01,를 초청하다,명사
중급,한05,을 품다,명사
중급,한06,이 없다(욕심),명사
중급,한가운데,에 놓다,명사
중급,한겨울,이 지나가다,명사
중급,한결,한결 쉽다,부사
중급,한계,를 넘다,명사
중급,한국말,로 말하다,명사
중급,한국어,를 말하다,명사
중급,한국인,으로 태어나다,명사
중급,한국적,한국적 교육,관형사·명사
중급,한꺼번에,한꺼번에 갚다,부사
중급,한낮,이 되다,명사
중급,한눈01,에 알아보다,명사
중급,한동안,한동안 계속되다,명사
중급,한둘,이 아니다,수사/명사
중급,한때,를 보내다,명사/부사
중급,한마디,를 남기다,명사
중급,한문03,을 읽다,명사
중급,한밤중,이 지나다,명사
중급,한순간,에 사라지다,명사
중급,한숨02,을 쉬다,명사
중급,한여름,을 지내다,명사
중급,한자02,로 쓰다,명사
중급,한쪽,으로 기울어지다,명사
중급,한참,을 기다리다,명사/부사
중급,한창01,한창 붐비다,명사/부사
중급,한층,한층 깊어지다,부사
중급,한편,을 이루다,명사/부사
중급,할부,할부 기간,명사
중급,할인점,을 이용하다,명사
중급,함부로,함부로 말하다,부사
중급,합격,면접 합격,명사
중급,합격자,를 발표하다,명사
중급,합계01,를 내다,명사
중급,합리적,합리적 방법,관형사·명사
중급,합의01,를 보다,명사
중급,합치다,하나로,동사
중급,합하다,힘을,동사
중급,항공료,가 오르다,명사
중급,항공편,을 알아보다,명사
중급,항의01,항의 전화,명사
중급,해11,를 끼치다,명사
중급,해결02,문제 해결,명사
중급,해결책,을 마련하다,명사
중급,해내다,힘든 일을,동사
중급,해당05,해당 부서,명사
중급,해돋이,를 감상하다,명사
중급,해롭다,건강에,형용사
중급,해물,로 요리를 만들다,명사
중급,해방05,을 맞이하다,명사
중급,해변,을 거닐다,명사
중급,해산물,을 맛보다,명사
중급,해석04,영어 해석,명사
중급,해설03,정답 해설,명사
중급,해소03,스트레스 해소,명사
중급,해수욕장,을 개장하다,명사
중급,해안02,해안 지방,명사
중급,해치다,경관을,동사
중급,핵심,이 되다,명사
중급,핸드백,을 메다,명사
중급,햇볕,을 쬐다,명사
중급,햇살,이 따뜻하다,명사
중급,-행07,서울행,접사
중급,행사02,권력 행사,명사
중급,행사장,에 다녀오다,명사
중급,행운02,이 오다,명사
중급,행위,불법 행위,명사
중급,행정01,행정 기관,명사
중급,행하다,의식을,동사
중급,향03,을 피우다,명사
중급,향기01,를 맡다,명사
중급,향상01,기술 향상,명사
중급,향수03,를 뿌리다,명사
중급,향하다,눈길이,동사
중급,허가01,를 받다,명사
중급,허락,을 받다,명사
중급,허리띠,를 매다,명사
중급,허벅지,신체,명사
중급,허용,입학 허용,명사
중급,허허01,허허 웃다,부사
중급,헌,헌 책,관형사
중급,험하다,길이,형용사
중급,헤매다,길에서,동사
중급,헤아리다,숫자를,동사
중급,헤엄치다,물에서,동사
중급,현관01,에 들어서다,명사
중급,현대01,현대 문명,명사
중급,현대인,으로 살다,명사
중급,현대적,현대적 감각,관형사·명사
중급,현상04,열대야 현상,명사
중급,현실02,에 만족하다,명사
중급,현실적,현실적 조건,관형사·명사
중급,현장03,에 나가다,명사
중급,협력,경제 협력,명사
중급,협조01,를 요청하다,명사
중급,-형08,기본형,접사
중급,형님,형님과 아우,명사
중급,형성01,가치관 형성,명사
중급,형식01,을 갖추다,명사
중급,형태,를 그리다,명사
중급,형편01,을 보다,명사
중급,혜택,을 누리다,명사
중급,호감,을 느끼다,명사
중급,호기심,이 강하다,명사
중급,호두01,호두 열매,명사
중급,호르몬,이 분비되다,명사
중급,호박01,식물,명사
중급,호실01,2호실,명사
중급,호주머니,를 노리다,명사
중급,호흡,이 멎다,명사
중급,혹은,사랑 혹은 우정,부사
중급,혼나다,아파서 혼나다,동사
중급,혼내다,동생을,동사
중급,홀수,짝수,명사
중급,홈페이지,에 접속하다,명사
중급,홍보01,신제품 홍보,명사
중급,홍수02,가 나다,명사
중급,화07,화요일,명사
중급,-화16,간편화,접사
중급,화면05,작품의 화면,명사
중급,화분01,에 심다,명사
중급,화장02,이 진하다,명사
중급,화장대,에 앉다,명사
중급,화장지01,로 닦다,명사
중급,화재01,가 발생하다,명사
중급,화제07,를 바꾸다,명사
중급,화창하다,날씨가,형용사
중급,화폐,전자 화폐,명사
중급,화해02,를 청하다,명사
중급,확02,소름이 확 끼치다,부사
중급,확대02,축소,명사
중급,확보01,인력 확보,명사
중급,확산,을 막다,명사
중급,확신01,이 서다,명사
중급,확실하다,증거가,형용사
중급,확실히,확실히 말하다,부사
중급,확인02,을 받다,명사
중급,확장,확장 공사,명사
중급,환경01,자연 환경,명사
중급,환불02,요금 환불,명사
중급,환상02,이 깨지다,명사
중급,환상적,환상적 소설,관형사·명사
중급,환승역,에서 갈아타다,명사
중급,환영회,를 열다,명사
중급,환율,이 오르다,명사
중급,환하다01,불빛이 ,형용사
중급,활기02,를 띠다,명사
중급,활동02,이 어렵다,명사
중급,활동적,활동적 스포츠,관형사·명사
중급,활발하다,교류가,형용사
중급,활용,공간 활용,명사
중급,활짝,활짝 열다,부사
중급,회13,를 먹다,명사
중급,회담,을 열다,명사
중급,회복,피로 회복,명사
중급,회비03,를 내다,명사
중급,회식,을 하다,명사
중급,회의실,에 모이다,명사
중급,회장07,을 뽑다,명사
중급,회화03,영어 회화,명사
중급,횟수,를 세다,명사
중급,효과01,가 있다,명사
중급,효과적,효과적 사용,관형사·명사
중급,효도01,를 하다,명사
중급,효율적,효율적 방법,관형사·명사
중급,효자01,로 알려지다,명사
중급,후반01,전반,명사
중급,후보04,대통령 후보,명사
중급,후식,을 먹다,명사
중급,후추01,를 뿌리다,명사
중급,후회01,가 되다,명사
중급,후회스럽다,지난날이,형용사
중급,훈련,을 마치다,명사
중급,훔치다02,물건을,동사
중급,휴가철,을 보내다,명사
중급,휴대,가 간편하다,명사
중급,휴식02,을 취하다,명사
중급,휴양지,로 떠나다,명사
중급,휴학,을 결심하다,명사
중급,흉내,를 내다,명사
중급,흐름,강물의 흐름,명사
중급,흑백,흑백의 대비,명사
중급,흔들리다,배가,동사
중급,흔적,을 남기다,명사
중급,흔하다,이름이,형용사
중급,흔히,흔히 듣다,부사
중급,흘러가다,시냇물이,동사
중급,흘러나오다,연기가,동사
중급,흘러내리다,빗물이,동사
중급,흙01,을 털다,명사
중급,흡수02,땀 흡수,명사
중급,흥미,가 생기다,명사
중급,흥미롭다,이야기가,형용사
중급,흥분,을 가라앉히다,명사
중급,흩어지다,사방으로,동사
중급,희다,색깔이,형용사
중급,희망자,를 모으다,명사
중급,희생,을 감수하다,명사
중급,희생자,가 늘다,명사
중급,힘껏,힘껏 밀다,부사
중급,힘쓰다,학업에,동사
중급,힘없이,힘없이 걷다,부사
중급,힘차다,목소리가,형용사
